19936645,딸기원방아간,,F,생활서비스,F02,세탁/가사서비스,F02A04,방앗간/정미소,,,41,경기도,41310,구리시,4131054100,교문1동,4131010400,교문동,4.13101E+18,1,대지,314,2,경기도 구리시 교문동 314-2,4.13104E+11,경기도 구리시 딸기원중문길,9,1,4.13101E+24,,경기도 구리시 딸기원중문길 9-1,471020,11950,,1,,127.121201,37.60177289
19940269,낙원떡집,,Q,음식,Q08,제과제빵떡케익,Q08A03,떡전문,I56191,제과점업,41,경기도,41360,남양주시,4136025600,화도읍,4136025621,화도읍,4.13603E+18,1,대지,292,27,경기도 남양주시 화도읍 마석우리 292-27,4.13603E+11,경기도 남양주시 화도읍 마석중앙로,63,1,4.13603E+24,,경기도 남양주시 화도읍 마석중앙로 63-1,472845,12180,,1,,127.30705,37.65260432
19950956,오언니김치,,D,소매,D01,음/식료품소매,D01A07,반찬가게,G47219,기타 식료품 소매업,41,경기도,41133,성남시 중원구,4113358000,상대원2동,4113310500,상대원동,4.11331E+18,1,대지,3866,,경기도 성남시 중원구 상대원동 3866,4.11334E+11,경기도 성남시 중원구 희망로359번길,27,,4.11331E+24,,경기도 성남시 중원구 희망로359번길 27,462120,13393,,1,,127.1552137,37.43790215
19943193,프리즐,,Q,음식,Q04,분식,Q04A01,라면김밥분식,I56194,분식 및 김밥 전문점,41,경기도,41360,남양주시,4136025300,진접읍,4136025321,진접읍,4.13603E+18,1,대지,672,1,경기도 남양주시 진접읍 장현리 672-1,4.13603E+11,경기도 남양주시 진접읍 봉현로,14,,4.13603E+24,,경기도 남양주시 진접읍 봉현로 14,472865,12013,,3,,127.1811433,37.71540177
19943449,최씨네별난맛집,,Q,음식,Q01,한식,Q01A01,한식/백반/한정식,I56111,한식 음식점업,41,경기도,41250,동두천시,4125056500,불현동,4125010400,광암동,4.12501E+18,1,대지,494,34,경기도 동두천시 광암동 494-34,4.12504E+11,경기도 동두천시 광암로33번길,15,,4.12501E+24,,경기도 동두천시 광암로33번길 15,483040,11321,,1,,127.0855247,37.89612687
19946985,페리카나,,Q,음식,Q05,닭/오리요리,Q05A08,후라이드/양념치킨,I56193,치킨 전문점,41,경기도,41133,성남시 중원구,4113366000,하대원동,4113310900,하대원동,4.11331E+18,1,대지,154,44,경기도 성남시 중원구 하대원동 154-44,4.11334E+11,경기도 성남시 중원구 마지로155번길,25,7,4.11331E+24,,경기도 성남시 중원구 마지로155번길 25-7,462839,13406,,1,,127.1490421,37.42806321
19947331,한우장다리식당,,Q,음식,Q01,한식,Q01A01,한식/백반/한정식,I56111,한식 음식점업,41,경기도,41135,성남시 분당구,4113554500,정자동,4113510300,정자동,4.11351E+18,1,대지,43,9,경기도 성남시 분당구 정자동 43-9,4.11354E+11,경기도 성남시 분당구 내정로119번길,20,,4.11351E+24,,경기도 성남시 분당구 내정로119번길 20,463848,13609,,1,,127.1139292,37.37210074
19947348,우체국커피자동판매기,,D,소매,D25,기타판매업,D25A18,자동판매기운영,G47991,자동판매기 운영업,41,경기도,41131,성남시 수정구,4113153000,신흥3동,4113110100,신흥동,4.11311E+18,1,대지,2482,,경기도 성남시 수정구 신흥동 2482,4.11312E+11,경기도 성남시 수정구 산성대로,297,,4.11311E+24,프린스컨벤션센터,경기도 성남시 수정구 산성대로 297,461163,13354,,1,,127.1496402,37.44211524
19963664,행주산성국제타운,,Q,음식,Q15,부페,Q15A01,종합부페,,,41,경기도,41281,고양시 덕양구,4128163000,행주동,4128112600,행주외동,4.12811E+18,1,대지,177,4,경기도 고양시 덕양구 행주외동 177-4,4.12813E+11,경기도 고양시 덕양구 행주산성로,126,12,4.12811E+24,,경기도 고양시 덕양구 행주산성로 126-12,412240,10440,,1,,126.8180641,37.60053193
19953073,새마을튀김집,,Q,음식,Q04,분식,Q04A01,라면김밥분식,I56194,분식 및 김밥 전문점,41,경기도,41171,안양시 만안구,4117158100,안양9동,4117110100,안양동,4.11711E+18,1,대지,995,4,경기도 안양시 만안구 안양동 995-4,4.11714E+11,경기도 안양시 만안구 병목안로130번길,4,,4.11711E+24,,경기도 안양시 만안구 병목안로130번길 4,430010,14019,,,,126.9090103,37.39232888
19953928,이마트안양LG화장품,,D,소매,D16,화장품소매,D16A01,화장품판매점,G47813,화장품 및 방향제 소매업,41,경기도,41173,안양시 동안구,4117352000,비산2동,4117310100,비산동,4.11735E+18,1,대지,411,8,경기도 안양시 동안구 비산동 411-8,4.11732E+11,경기도 안양시 동안구 관악대로,104,,4.11731E+24,리홈안양이마트,경기도 안양시 동안구 관악대로 104,431050,13954,,2,,126.9353287,37.39836262
19959274,그랜드식당,,Q,음식,Q01,한식,Q01A01,한식/백반/한정식,I56111,한식 음식점업,41,경기도,41220,평택시,4122056000,송북동,4122011000,지산동,4.12201E+18,1,대지,579,,경기도 평택시 지산동 579,4.12203E+11,경기도 평택시 지산로,132,,4.12201E+24,,경기도 평택시 지산로 132,459110,17727,,1,,127.069538,37.0811375
19954797,영미네,,Q,음식,Q01,한식,Q01A01,한식/백반/한정식,I56111,한식 음식점업,41,경기도,41171,안양시 만안구,4117156000,안양6동,4117110100,안양동,4.11711E+18,1,대지,476,12,경기도 안양시 만안구 안양동 476-12,4.11713E+11,경기도 안양시 만안구 소곡로,50,,4.11711E+24,,경기도 안양시 만안구 소곡로 50,430010,14089,,1,,126.9263556,37.39003675
19955385,참치전문점,,Q,음식,Q03,일식/수산물,Q03A04,참치전문점,I56113,일식 음식점업,41,경기도,41150,의정부시,4115052000,의정부2동,4115010100,의정부동,4.11501E+18,1,대지,492,12,경기도 의정부시 의정부동 492-12,4.11503E+11,경기도 의정부시 둔야로,20,,4.11501E+24,중앙오피스텔,경기도 의정부시 둔야로 20,480010,11650,,1,,127.040041,37.7376828
19955996,양씨네아바이순대,,Q,음식,Q10,별식/퓨전요리,Q10A05,순대전문점,I56111,한식 음식점업,41,경기도,41150,의정부시,4115056800,신곡2동,4115010400,신곡동,4.11501E+18,1,대지,670,1,경기도 의정부시 신곡동 670-1,4.11503E+11,경기도 의정부시 장곡로,470,,4.11501E+24,,경기도 의정부시 장곡로 470,480070,11740,,1,,127.0565059,37.74464548
19956432,우미통닭,,Q,음식,Q05,닭/오리요리,Q05A08,후라이드/양념치킨,I56193,치킨 전문점,41,경기도,41220,평택시,4122061000,통복동,4122011400,통복동,4.12201E+18,1,대지,70,13,경기도 평택시 통복동 70-13,4.12203E+11,경기도 평택시 중앙1로,18,,4.12201E+24,,경기도 평택시 중앙1로 18,450040,17893,,1,,127.0848628,36.99819981
20093101,청원하이퍼자동판매기,,D,소매,D25,기타판매업,D25A18,자동판매기운영,G47991,자동판매기 운영업,43,충청북도,43111,청주시 상당구,4311152500,중앙동,4311111200,수동,4.31111E+18,1,대지,427,21,충청북도 청주시 상당구 수동 427-21,4.31113E+11,충청북도 청주시 상당구 대성로,228,,4.31111E+24,,충청북도 청주시 상당구 대성로 228,360112,28507,,1,,127.4918388,36.64566399
20093218,장미식당,,Q,음식,Q04,분식,Q04A02,국수/만두/칼국수,I56194,분식 및 김밥 전문점,43,충청북도,43130,충주시,4313054000,교현2동,4313010500,교현동,4.31301E+18,1,대지,625,1,충청북도 충주시 교현동 625-1,4.31305E+11,충청북도 충주시 대가미10길,38,,4.31301E+24,,충청북도 충주시 대가미10길 38,380060,27365,,1,,127.9275586,36.97948257
20096987,삼봉수석식당,,Q,음식,Q01,한식,Q01A01,한식/백반/한정식,I56111,한식 음식점업,43,충청북도,43800,단양군,4380025300,매포읍,4380025324,매포읍,4.38003E+18,1,대지,84,1,충청북도 단양군 매포읍 하괴리 84-1,4.38003E+11,충청북도 단양군 매포읍 삼봉로,644,13,4.38003E+24,도담삼봉휴게소,충청북도 단양군 매포읍 삼봉로 644-13,395903,27008,,1,,128.3418294,37.00078469
20097486,들꽃민속촌,,Q,음식,Q01,한식,Q01A01,한식/백반/한정식,I56111,한식 음식점업,42,강원도,42750,영월군,4275034000,남면,4275034026,남면,4.27503E+18,1,대지,781,,강원도 영월군 남면 북쌍리 781,4.27504E+11,강원도 영월군 남면 들골안길,121,2,4.27503E+24,,강원도 영월군 남면 들골안길 121-2,230832,26215,,,,128.3781463,37.2052163
20097958,대화,,Q,음식,Q09,유흥주점,Q09A10,룸살롱/단란주점,I56211,일반유흥 주점업,42,강원도,42130,원주시,4213059000,단계동,4213011000,단계동,4.21301E+18,1,대지,857,5,강원도 원주시 단계동 857-5,4.21304E+11,강원도 원주시 장미공원길,48,,4.21301E+24,,강원도 원주시 장미공원길 48,220938,26436,,1,,127.9300509,37.34753679
20118383,장미다방,,Q,음식,Q12,커피점/카페,Q12A01,커피전문점/카페/다방,I56220,비알콜 음료점업,41,경기도,41670,여주시,4167031000,점동면,4167031021,점동면,4.16703E+18,1,대지,127,9,경기도 여주시 점동면 청안리 127-9,4.16703E+11,경기도 여주시 점동면 청안로,117,,4.17303E+24,,경기도 여주시 점동면 청안로 117,469872,12667,,1,,127.6613798,37.20513762
20124850,롯데마트,상당점,D,소매,D03,종합소매점,D03B10,할인점,G47119,기타 대형 종합 소매업,43,충청북도,43111,청주시 상당구,4311172000,용암1동,4311112400,용암동,4.31111E+18,1,대지,2634,,충청북도 청주시 상당구 용암동 2634,4.31115E+11,충청북도 청주시 상당구 용암북로160번길,60,,4.31111E+24,롯데마트,충청북도 청주시 상당구 용암북로160번길 60,360100,28762,,1,,127.5161312,36.62041404
20088927,아미식당,,Q,음식,Q01,한식,Q01A01,한식/백반/한정식,I56111,한식 음식점업,42,강원도,42720,홍천군,4272034000,서석면,4272034021,서석면,4.27203E+18,1,대지,224,7,강원도 홍천군 서석면 풍암리 224-7,4.27204E+11,강원도 홍천군 서석면 풍암장터2길,49,13,4.27203E+24,,강원도 홍천군 서석면 풍암장터2길 49-13,250835,25166,,1,,128.1871975,37.71140187
20090406,산약초건강원,,D,소매,D10,건강/미용식품,D10A07,건강원,G47216,건강보조식품 소매업,42,강원도,42190,태백시,4219051500,황지동,4219010100,황지동,4.21901E+18,1,대지,66,2,강원도 태백시 황지동 66-2,4.21903E+11,강원도 태백시 황지로,112,,4.21901E+24,,강원도 태백시 황지로 112,235800,26014,,1,,128.992063,37.16875772
20100551,왕벌식당,,Q,음식,Q01,한식,Q01A01,한식/백반/한정식,I56111,한식 음식점업,42,강원도,42800,양구군,4280033000,방산면,4280033026,방산면,4.28003E+18,1,대지,484,11,강원도 양구군 방산면 송현리 484-11,4.28003E+11,강원도 양구군 방산면 평화로,5432,,4.28003E+24,,강원도 양구군 방산면 평화로 5432,255832,24501,,1,,127.9557395,38.22463511
20111790,미리네먹거리,,Q,음식,Q01,한식,Q01A01,한식/백반/한정식,I56111,한식 음식점업,42,강원도,42810,인제군,4281032000,북면,4281032024,북면,4.28103E+18,1,대지,1798,5,강원도 인제군 북면 용대리 1798-5,4.28104E+11,강원도 인제군 북면 십이선녀탕길,69,19,4.28103E+24,,강원도 인제군 북면 십이선녀탕길 69-19,252821,24606,,1,,128.3030775,38.18474436
20111817,양동큰대문집,,Q,음식,Q01,한식,Q01A99,기타고기요리,I56111,한식 음식점업,41,경기도,41830,양평군,4183038000,양동면,4183038021,양동면,4.18304E+18,1,대지,191,,경기도 양평군 양동면 쌍학리 191,4.18304E+11,경기도 양평군 양동면 쌍학방죽골길,6,,4.18304E+24,,경기도 양평군 양동면 쌍학방죽골길 6,476881,12539,,1,,127.757154,37.41799088
20105664,대동현대마트생선코너,,D,소매,D01,음/식료품소매,D01A12,수산물소매,G47213,수산물 소매업,42,강원도,42170,동해시,4217053000,북삼동,4217010700,동회동,4.21701E+18,1,대지,442,,강원도 동해시 동회동 442,4.21704E+11,강원도 동해시 효자남길,9,,4.21701E+24,북삼코아루아파트,강원도 동해시 효자남길 9,240719,25807,,1,,129.1076175,37.48808245
20106824,귀운낚시터식당,,N,관광/여가/오락,N07,놀이/여가/취미,N07A02,낚시터,R91231,낚시장 운영업,42,강원도,42130,원주시,4213036000,귀래면,4213036022,귀래면,4.21304E+18,1,대지,1270,5,강원도 원주시 귀래면 귀래리 1270-5,4.21303E+11,강원도 원주시 귀래면 귀문로,494,3,4.21304E+24,,강원도 원주시 귀래면 귀문로 494-3,220851,26500,,1,,127.8645962,37.22213403
20145016,화림가든,,Q,음식,Q01,한식,Q01A01,한식/백반/한정식,I56111,한식 음식점업,41,경기도,41670,여주시,4167031000,점동면,4167031021,점동면,4.16703E+18,1,대지,166,11,경기도 여주시 점동면 청안리 166-11,4.16703E+11,경기도 여주시 점동면 청안로,178,,4.17303E+24,,경기도 여주시 점동면 청안로 178,469872,12667,,,,127.6645924,37.20981461
20145749,베리웰치킨,,Q,음식,Q05,닭/오리요리,Q05A08,후라이드/양념치킨,I56193,치킨 전문점,42,강원도,42790,화천군,4279033000,상서면,4279033028,상서면,4.27903E+18,1,대지,494,4,강원도 화천군 상서면 산양리 494-4,4.27904E+11,강원도 화천군 상서면 산양길,62,,4.27903E+24,,강원도 화천군 상서면 산양길 62,209815,24101,,,,127.6657104,38.20665253
20126067,바다다방,,Q,음식,Q12,커피점/카페,Q12A01,커피전문점/카페/다방,I56220,비알콜 음료점업,41,경기도,41670,여주시,4167052000,중앙동,4167010300,창동,4.16701E+18,1,대지,140,2,경기도 여주시 창동 140-2,4.16703E+11,경기도 여주시 우암로,43,,4.17303E+24,,경기도 여주시 우암로 43,469103,12627,,1,,127.6319559,37.29504494
20128376,파티유흥주점,,Q,음식,Q09,유흥주점,Q09A10,룸살롱/단란주점,I56211,일반유흥 주점업,41,경기도,41390,시흥시,4139052000,신천동,4139010200,신천동,4.13901E+18,1,대지,707,30,경기도 시흥시 신천동 707-30,4.13904E+11,경기도 시흥시 호현로22번길,9,1,4.13901E+24,,경기도 시흥시 호현로22번길 9-1,429828,14910,,1,,126.7856157,37.44162072
20119970,장터보쌈족발,,Q,음식,Q01,한식,Q01A08,족발/보쌈전문,I56111,한식 음식점업,41,경기도,41670,여주시,4167051000,여흥동,4167011500,점봉동,4.16701E+18,1,대지,437,33,경기도 여주시 점봉동 437-33,4.16703E+11,경기도 여주시 세종로,375,8,4.17303E+24,,경기도 여주시 세종로 375-8,469115,12653,,1,,127.6402557,37.26458564
20120057,와수양평해장국,,Q,음식,Q01,한식,Q01A05,해장국/감자탕,I56111,한식 음식점업,42,강원도,42780,철원군,4278031000,서면,4278031022,서면,4.27803E+18,1,대지,1216,97,강원도 철원군 서면 와수리 1216-97,4.27803E+11,강원도 철원군 서면 와수1로,44,6,4.27803E+24,양평해장국,강원도 철원군 서면 와수1로 44-6,269841,24059,,1,,127.4373055,38.24113397
20123877,영풍안성상휴게소BBQ,,Q,음식,Q05,닭/오리요리,Q05A08,후라이드/양념치킨,I56193,치킨 전문점,41,경기도,41550,안성시,4155038000,원곡면,4155038024,원곡면,4.15504E+18,2,산,68,7,경기도 안성시 원곡면 산하리 산68-7,4.15501E+11,경기도 안성시 원곡면 경부고속도로,372,,4.15504E+24,,경기도 안성시 원곡면 경부고속도로 372,456812,17553,,1,,127.1324927,37.07677565
20163607,버거킹오션월드,,Q,음식,Q07,패스트푸드,Q07A04,패스트푸드,I56199,그외 기타 음식점업,42,강원도,42720,홍천군,4272037000,서면,4272037023,서면,4.27204E+18,1,대지,1279,3,강원도 홍천군 서면 팔봉리 1279-3,4.27204E+11,강원도 홍천군 서면 한치골길,262,,4.27204E+24,대명비발디파크,강원도 홍천군 서면 한치골길 262,250856,25102,,,,127.6872729,37.65232374
20164234,춘천명물소문난닭갈비,,Q,음식,Q05,닭/오리요리,Q05A02,닭갈비전문,I56111,한식 음식점업,42,강원도,42720,홍천군,4272037000,서면,4272037022,서면,4.27204E+18,1,대지,272,14,강원도 홍천군 서면 어유포리 272-14,4.27204E+11,강원도 홍천군 서면 한치골길,1122,46,4.27204E+24,팔봉쉼터식당,강원도 홍천군 서면 한치골길 1122-46,250856,25101,,1,,127.6951063,37.70164115
20131346,GS,동아방송대점,Q,음식,Q08,제과제빵떡케익,Q08A01,제과점,I56191,제과점업,41,경기도,41550,안성시,4155041000,삼죽면,4155041027,삼죽면,4.15504E+18,1,대지,559,6,경기도 안성시 삼죽면 진촌리 559-6,4.15504E+11,경기도 안성시 삼죽면 동아예대길,46,,4.15504E+24,,경기도 안성시 삼죽면 동아예대길 46,456882,17516,,1,,127.3630623,37.05616
20154843,일류식당,,Q,음식,Q01,한식,Q01A01,한식/백반/한정식,I56111,한식 음식점업,43,충청북도,43740,영동군,4374032000,황간면,4374032021,황간면,4.37403E+18,1,대지,470,2,충청북도 영동군 황간면 남성리 470-2,4.37403E+11,충청북도 영동군 황간면 황간동로,78,,4.37403E+24,음식점,충청북도 영동군 황간면 황간동로 78,370863,29115,,1,,127.9095872,36.23189482
20155744,옛날병천순대,,Q,음식,Q10,별식/퓨전요리,Q10A05,순대전문점,I56111,한식 음식점업,43,충청북도,43760,괴산군,4376037000,청안면,4376037030,청안면,4.37604E+18,1,대지,185,3,충청북도 괴산군 청안면 부흥리 185-3,4.37603E+11,충청북도 괴산군 청안면 질마로,1470,,4.37604E+24,,충청북도 괴산군 청안면 질마로 1470,367834,28053,,1,,127.7295622,36.70603798
20340457,색동떡방,,D,소매,D01,음/식료품소매,D01A01,식료품점,G47219,기타 식료품 소매업,41,경기도,41220,평택시,4122051000,중앙동,4122010100,서정동,4.12205E+18,1,대지,332,37,경기도 평택시 서정동 332-37,4.12203E+11,경기도 평택시 정암로,17,,4.12201E+24,,경기도 평택시 정암로 17,459812,17779,,1,,127.055631,37.05710282
20164948,가람막창,,Q,음식,Q01,한식,Q01A03,곱창/양구이전문,I56111,한식 음식점업,41,경기도,41480,파주시,4148055000,운정1동,4148012200,와동동,4.14801E+18,1,대지,1302,,경기도 파주시 와동동 1302,4.14804E+11,경기도 파주시 미래로602번길,57,,4.14801E+24,가람프라자,경기도 파주시 미래로602번길 57,413190,10895,,1,,126.7512402,37.73298578
20165963,남해활어회,,Q,음식,Q03,일식/수산물,Q03A01,횟집,I56111,한식 음식점업,43,충청북도,43111,청주시 상당구,4311172000,용암1동,4311112400,용암동,4.31111E+18,1,대지,2611,,충청북도 청주시 상당구 용암동 2611,4.31115E+11,충청북도 청주시 상당구 용암북로138번길,7,,4.31111E+24,,충청북도 청주시 상당구 용암북로138번길 7,360100,28763,,2,1,127.5132763,36.62104227
20166670,돌배,,Q,음식,Q09,유흥주점,Q09A10,룸살롱/단란주점,I56211,일반유흥 주점업,43,충청북도,43130,충주시,4313057100,문화동,4313012700,문화동,4.31301E+18,1,대지,1688,,충청북도 충주시 문화동 1688,4.31305E+11,충청북도 충주시 사직산21길,42,,4.31301E+24,,충청북도 충주시 사직산21길 42,380957,27408,,2,,127.9288347,36.97213882
20168171,초록마을태전,태전점,D,소매,D01,음/식료품소매,D01A08,유기농식품판매,G47219,기타 식료품 소매업,41,경기도,41610,광주시,4161053000,광남동,4161011000,태전동,4.16101E+18,1,대지,261,23,경기도 광주시 태전동 261-23,4.16103E+11,경기도 광주시 태봉로,24,,4.16101E+24,,경기도 광주시 태봉로 24,464808,12785,,1,,127.230262,37.39127918
20173375,옹기종기포차,,Q,음식,Q09,유흥주점,Q09A02,소주방/포장마차,I56219,기타 주점업,41,경기도,41570,김포시,4157025000,통진읍,4157025023,통진읍,4.15703E+18,1,대지,730,14,경기도 김포시 통진읍 서암리 730-14,4.15704E+11,경기도 김포시 통진읍 서암로94번길,30,,4.15703E+24,,경기도 김포시 통진읍 서암로94번길 30,415867,10018,,1,,126.6000037,37.69210253
20173815,황진이,,Q,음식,Q09,유흥주점,Q09A10,룸살롱/단란주점,I56211,일반유흥 주점업,42,강원도,42130,원주시,4213051500,중앙동,4213010100,중앙동,4.21301E+18,1,대지,203,1,강원도 원주시 중앙동 203-1,4.21303E+11,강원도 원주시 중앙로,61,,4.21301E+24,,강원도 원주시 중앙로 61,220904,26429,,1,,127.9522524,37.34777311
20176916,용둔은영식당,,Q,음식,Q01,한식,Q01A01,한식/백반/한정식,I56111,한식 음식점업,42,강원도,42730,횡성군,4273031000,우천면,4273031022,우천면,4.27303E+18,1,대지,571,12,강원도 횡성군 우천면 용둔리 571-12,4.27303E+11,강원도 횡성군 우천면 경강로,2730,,4.27303E+24,,강원도 횡성군 우천면 경강로 2730,225814,25244,,1,,128.0593481,37.49519696
20427151,카스,,Q,음식,Q01,한식,Q01A01,한식/백반/한정식,I56111,한식 음식점업,41,경기도,41550,안성시,4155051000,안성1동,4155011100,성남동,4.15501E+18,1,대지,326,,경기도 안성시 성남동 326,4.15504E+11,경기도 안성시 장기1길,50,,4.15501E+24,,경기도 안성시 장기1길 50,456130,17593,,1,,127.2711093,37.00354475
20461826,고모리화로구이,,Q,음식,Q01,한식,Q01A02,갈비/삼겹살,I56111,한식 음식점업,41,경기도,41590,화성시,4159033000,마도면,4159033030,마도면,4.15903E+18,1,대지,497,1,경기도 화성시 마도면 고모리 497-1,4.15903E+11,경기도 화성시 마도면 해운로,561,,4.15903E+24,,경기도 화성시 마도면 해운로 561,445861,18544,,,,126.7453753,37.1720626
20423160,상곡낚시터가든,,Q,음식,Q01,한식,Q01A01,한식/백반/한정식,I56111,한식 음식점업,43,충청북도,43770,음성군,4377035000,삼성면,4377035025,삼성면,4.37704E+18,1,대지,419,,충청북도 음성군 삼성면 상곡리 419,4.37705E+11,충청북도 음성군 삼성면 점골길,51,,4.37704E+24,,충청북도 음성군 삼성면 점골길 51,369834,27650,,,,127.4504508,37.01361219
20358296,크크분식,,Q,음식,Q04,분식,Q04A01,라면김밥분식,I56194,분식 및 김밥 전문점,43,충청북도,43130,충주시,4313053500,교현.안림동,4313010500,교현동,4.31301E+18,1,대지,496,14,충청북도 충주시 교현동 496-14,4.31305E+11,충청북도 충주시 야현1길,24,,4.31301E+24,,충청북도 충주시 야현1길 24,380950,27374,,1,,127.9375445,36.97922691
20400810,바다횟집,,Q,음식,Q03,일식/수산물,Q03A01,횟집,I56111,한식 음식점업,42,강원도,42780,철원군,4278025600,갈말읍,4278025624,갈말읍,4.27803E+18,1,대지,931,1,강원도 철원군 갈말읍 군탄리 931-1,4.27803E+11,강원도 철원군 갈말읍 명성로,223,,4.27803E+24,바다,강원도 철원군 갈말읍 명성로 223,269802,24034,,1,,127.3071044,38.15133202
20354305,토프레소안산본오점,안산본오점,Q,음식,Q12,커피점/카페,Q12A01,커피전문점/카페/다방,I56220,비알콜 음료점업,41,경기도,41271,안산시 상록구,4127155000,본오2동,4127110400,본오동,4.12711E+18,1,대지,880,7,경기도 안산시 상록구 본오동 880-7,4.12713E+11,경기도 안산시 상록구 샘골로,129,,4.12711E+24,,경기도 안산시 상록구 샘골로 129,426180,15540,,2,,126.8627368,37.29538877
20493505,롯데쇼핑롯데슈퍼점,롯데슈퍼점,D,소매,D03,종합소매점,D03A02,수퍼마켓,G47121,슈퍼마켓,41,경기도,41117,수원시 영통구,4111759000,태장동,4111710700,망포동,4.11171E+18,1,대지,512,,경기도 수원시 영통구 망포동 512,4.11174E+11,경기도 수원시 영통구 영통로154번길,106,,4.11171E+24,,경기도 수원시 영통구 영통로154번길 106,443400,16692,,2,,127.0615783,37.24117462
20367132,중앙식당,,Q,음식,Q01,한식,Q01A01,한식/백반/한정식,I56111,한식 음식점업,43,충청북도,43111,청주시 상당구,4311131000,낭성면,4311131025,낭성면,4.31113E+18,1,대지,114,12,충청북도 청주시 상당구 낭성면 이목리 114-12,4.31115E+11,충청북도 청주시 상당구 낭성면 낭성시내길,13,,4.37103E+24,,충청북도 청주시 상당구 낭성면 낭성시내길 13,360861,28193,,1,,127.6031571,36.62257412
20441363,정아식당,,Q,음식,Q01,한식,Q01A99,기타고기요리,I56111,한식 음식점업,43,충청북도,43730,옥천군,4373035000,청산면,4373035024,청산면,4.37304E+18,1,대지,16,5,충청북도 옥천군 청산면 하서리 16-5,4.37303E+11,충청북도 옥천군 청산면 남부로,2260,,4.37304E+24,,충청북도 옥천군 청산면 남부로 2260,373872,29013,,1,,127.7857713,36.3455228
20434445,맛짱,,Q,음식,Q01,한식,Q01A01,한식/백반/한정식,I56111,한식 음식점업,41,경기도,41390,시흥시,4139059300,정왕3동,4139013200,정왕동,4.13901E+18,1,대지,1859,10,경기도 시흥시 정왕동 1859-10,4.13904E+11,경기도 시흥시 옥구상가3길,23,11,4.13901E+24,,경기도 시흥시 옥구상가3길 23-11,429450,15040,,1,,126.7222634,37.35324503
20435321,가락할인공판장내반찬,,D,소매,D01,음/식료품소매,D01A07,반찬가게,G47219,기타 식료품 소매업,41,경기도,41173,안양시 동안구,4117353000,비산3동,4117310100,비산동,4.11731E+18,1,대지,379,3,경기도 안양시 동안구 비산동 379-3,4.11732E+11,경기도 안양시 동안구 관악대로,183,,4.11731E+24,동양월드타워,경기도 안양시 동안구 관악대로 183,431050,13920,,1,,126.9444733,37.39942677
20486663,터미널커피,,Q,음식,Q12,커피점/카페,Q12A01,커피전문점/카페/다방,I56220,비알콜 음료점업,43,충청북도,43130,충주시,4313062500,칠금.금릉동,4313011600,칠금동,4.31301E+18,1,대지,849,,충청북도 충주시 칠금동 849,4.31302E+11,충청북도 충주시 충원대로,626,,4.31301E+24,충주공용버스터미널,충청북도 충주시 충원대로 626,380965,27360,,1,,127.9143581,36.98160054
20364049,더블유스토어수지점,수지점,S,의료,S02,약국/한약방,S02A01,약국,G47811,의약품 및 의료용품 소매업,41,경기도,41465,용인시 수지구,4146551000,풍덕천1동,4146510100,풍덕천동,4.14651E+18,1,대지,712,2,경기도 용인시 수지구 풍덕천동 712-2,4.14653E+11,경기도 용인시 수지구 문정로,32,,4.14651E+24,,경기도 용인시 수지구 문정로 32,448170,16837,,1,,127.0955216,37.32352823
20413689,울엄마,,Q,음식,Q09,유흥주점,Q09A01,호프/맥주,I56219,기타 주점업,41,경기도,41800,연천군,4180025300,전곡읍,4180025321,전곡읍,4.18003E+18,1,대지,333,134,경기도 연천군 전곡읍 전곡리 333-134,4.18004E+11,경기도 연천군 전곡읍 은전로86번길,17,,4.18003E+24,,경기도 연천군 전곡읍 은전로86번길 17,486903,11033,,1,,127.0694819,38.02777971
20377876,알로,,Q,음식,Q12,커피점/카페,Q12A01,커피전문점/카페/다방,I56220,비알콜 음료점업,41,경기도,41360,남양주시,4136052000,평내동,4136010200,평내동,4.13601E+18,1,대지,608,,경기도 남양주시 평내동 608,4.13603E+11,경기도 남양주시 의안로,176,,4.13601E+24,평내마을중흥에스클레스아파트,경기도 남양주시 의안로 176,472799,12227,,1,,127.2425969,37.64398157
20410449,사랑이네,,Q,음식,Q04,분식,Q04A01,라면김밥분식,I56194,분식 및 김밥 전문점,42,강원도,42170,동해시,4217053000,북삼동,4217010700,동회동,4.21701E+18,1,대지,442,,강원도 동해시 동회동 442,4.21704E+11,강원도 동해시 효자남길,9,,4.21701E+24,대동아파트,강원도 동해시 효자남길 9,240719,25807,,1,,129.1035287,37.48762514
20411605,옛날떡집,,Q,음식,Q08,제과제빵떡케익,Q08A03,떡전문,I56191,제과점업,42,강원도,42150,강릉시,4215052000,중앙동,4215010800,성남동,4.21501E+18,1,대지,104,2,강원도 강릉시 성남동 104-2,4.21504E+11,강원도 강릉시 중앙시장3길,28,,4.21501E+24,,강원도 강릉시 중앙시장3길 28,210050,25543,,1,,128.8977463,37.75191365
20412721,강원도립대학기숙사식당,,Q,음식,Q14,기타음식업,Q14A01,구내식당/자급식음식점,I56120,기관구내식당업,42,강원도,42150,강릉시,4215025000,주문진읍,4215025022,주문진읍,4.21503E+18,1,대지,8,2,강원도 강릉시 주문진읍 교항리 8-2,4.21503E+11,강원도 강릉시 주문진읍 연주로,270,,4.21503E+24,강원도립대학,강원도 강릉시 주문진읍 연주로 270,210801,25425,,1,,128.8306013,37.87664715
20452827,행운떡방아,,Q,음식,Q08,제과제빵떡케익,Q08A03,떡전문,I56191,제과점업,41,경기도,41281,고양시 덕양구,4128164000,행신1동,4128112800,행신동,4.12811E+18,1,대지,633,16,경기도 고양시 덕양구 행신동 633-16,4.12814E+11,경기도 고양시 덕양구 행신로143번길,56,,4.12811E+24,,경기도 고양시 덕양구 행신로143번길 56,412220,10517,,2,,126.8313679,37.6216853
20420112,농협중앙회한삼인,,D,소매,D10,건강/미용식품,D10A05,인삼제품판매,G47216,건강보조식품 소매업,41,경기도,41115,수원시 팔달구,4111566000,매산동,4111513500,매산로2가,4.11151E+18,1,대지,40,3,경기도 수원시 팔달구 매산로2가 40-3,4.11153E+11,경기도 수원시 팔달구 향교로,52,,4.11151E+24,대주파크빌,경기도 수원시 팔달구 향교로 52,442847,16456,,1,,127.0064605,37.2689201
20455602,남원골가마솥추어탕,,Q,음식,Q01,한식,Q01A14,추어탕전문,I56111,한식 음식점업,41,경기도,41360,남양주시,4136025300,진접읍,4136025328,진접읍,4.13603E+18,1,대지,379,,경기도 남양주시 진접읍 금곡리 379,4.13603E+11,경기도 남양주시 진접읍 경복대로,420,,4.13603E+24,,경기도 남양주시 진접읍 경복대로 420,472861,12051,,1,,127.211736,37.73337864
20785877,미니엄,,D,소매,D05,의복의류,D05A03,여성의류전문점,,,41,경기도,41173,안양시 동안구,4117361000,범계동,4117310400,호계동,4.11731E+18,1,대지,1039,3,경기도 안양시 동안구 호계동 1039-3,4.11733E+11,경기도 안양시 동안구 동안로,119,,4.11731E+24,킴스아울렛,경기도 안양시 동안구 동안로 119,431080,14073,,3,,126.9512117,37.38920558
20786763,백현,,L,부동산,L01,부동산중개,L01A01,부동산중개,L68221,부동산 자문 및 중개업,41,경기도,41135,성남시 분당구,4113565700,백현동,4113511000,백현동,4.11351E+18,1,대지,556,,경기도 성남시 분당구 백현동 556,4.11353E+11,경기도 성남시 분당구 판교역로,98,,4.11351E+24,백현마을7단지아파트,경기도 성남시 분당구 판교역로 98,463887,13532,,1,1,127.1107564,37.38933257
20787357,꿈동네문구,,D,소매,D08,사무/문구/컴퓨터,D08A01,사무/문구용품,G47612,문구용품 소매업,41,경기도,41150,의정부시,4115056100,장암동,4115010300,장암동,4.11501E+18,1,대지,5,,경기도 의정부시 장암동 5,4.11503E+11,경기도 의정부시 동일로,397,,4.11501E+24,주공1단지아파트,경기도 의정부시 동일로 397,480769,11719,,1,,127.0562281,37.72630747
20744867,킹콩수학,,R,학문/교육,R01,학원-보습교습입시,R01A01,학원-입시,P85501,일반 교과 학원,41,경기도,41287,고양시 일산서구,4128753000,일산3동,4128710100,일산동,4.12871E+18,1,대지,1065,5,경기도 고양시 일산서구 일산동 1065-5,4.12873E+11,경기도 고양시 일산서구 일산로,572,,4.12871E+24,일산프라자,경기도 고양시 일산서구 일산로 572,411310,10374,,2,,126.7649283,37.67929502
20187196,진흥각,,Q,음식,Q02,중식,Q02A00,중국음식/중국집,I56112,중식 음식점업,41,경기도,41650,포천시,4165025000,소흘읍,4165025021,소흘읍,4.16503E+18,1,대지,505,8,경기도 포천시 소흘읍 송우리 505-8,4.16503E+11,경기도 포천시 소흘읍 솔모루로,13,16,4.16503E+24,일신아파트,경기도 포천시 소흘읍 솔모루로 13-16,487714,11178,,1,104,127.1415865,37.8249099
20280878,이마트에브리데이,용호점,D,소매,D03,종합소매점,D03A02,수퍼마켓,G47121,슈퍼마켓,41,경기도,41410,군포시,4141052000,군포2동,4141010100,당동,4.14101E+18,1,대지,970,1,경기도 군포시 당동 970-1,4.14103E+11,경기도 군포시 용호1로,24,,4.14101E+24,,경기도 군포시 용호1로 24,435010,15871,,2,,126.9384649,37.34493049
20223571,오성,,Q,음식,Q09,유흥주점,Q09A08,빠/카페/스탠드빠,I56211,일반유흥 주점업,41,경기도,41590,화성시,4159058500,동탄1동,4159012700,반송동,4.15901E+18,1,대지,88,9,경기도 화성시 반송동 88-9,4.15904E+11,경기도 화성시 동탄중심상가2길,11,,4.15901E+24,삼성파크뷰,경기도 화성시 동탄중심상가2길 11,445160,18453,,1,605,127.07326,37.2057633
20259447,뚜레쥬르상동라일락점,상동라일락점,Q,음식,Q08,제과제빵떡케익,Q08A01,제과점,I56191,제과점업,41,경기도,41190,부천시,4119070000,상3동,4119010900,상동,4.11901E+18,1,대지,524,1,경기도 부천시 상동 524-1,4.11903E+11,경기도 부천시 도약로,35,,4.11951E+24,,경기도 부천시 도약로 35,420860,14504,,1,,126.7534405,37.51255771
20785002,모두모아,,D,소매,D05,의복의류,D05A03,여성의류전문점,,,42,강원도,42150,강릉시,4215052000,중앙동,4215010800,성남동,4.21501E+18,1,대지,310,1,강원도 강릉시 성남동 310-1,4.21503E+11,강원도 강릉시 금성로,3,,4.21501E+24,,강원도 강릉시 금성로 3,210050,25542,,1,,128.8996787,37.75498942
20663962,무지개떡집,,Q,음식,Q08,제과제빵떡케익,Q08A03,떡전문,I56191,제과점업,41,경기도,41360,남양주시,4136057000,별내동,4136011100,별내동,4.13601E+18,1,대지,625,35,경기도 남양주시 별내동 625-35,4.13603E+11,경기도 남양주시 불암산로,61,,4.13603E+24,,경기도 남양주시 불암산로 61,472501,12100,,1,,127.1069269,37.64950203
20249549,카페엔섬,,Q,음식,Q12,커피점/카페,Q12A01,커피전문점/카페/다방,I56220,비알콜 음료점업,41,경기도,41190,부천시,4119051000,심곡2동,4119010200,심곡동,4.11901E+18,1,대지,180,16,경기도 부천시 심곡동 180-16,4.11904E+11,경기도 부천시 부일로469번길,29,,4.11951E+24,,경기도 부천시 부일로469번길 29,420010,14634,,2,,126.7824699,37.48719003
20259871,하남족뱅이,,Q,음식,Q09,유흥주점,Q09A01,호프/맥주,I56219,기타 주점업,41,경기도,41450,하남시,4145055000,덕풍2동,4145010800,덕풍동,4.14501E+18,1,대지,328,7,경기도 하남시 덕풍동 328-7,4.14503E+11,경기도 하남시 수리북로,21,,4.14501E+24,,경기도 하남시 수리북로 21,465010,12971,,1,,127.2025681,37.54159256
20190389,자빈꼬치,,Q,음식,Q09,유흥주점,Q09A03,꼬치구이전문점,I56219,기타 주점업,41,경기도,41117,수원시 영통구,4111755000,원천동,4111710200,원천동,4.11171E+18,1,대지,332,2,경기도 수원시 영통구 원천동 332-2,4.11173E+11,경기도 수원시 영통구 삼성로,274,,4.11171E+24,수원팩토리월드,경기도 수원시 영통구 삼성로 274,443758,16522,,1,,127.0643531,37.26560722
20338613,맛깔참죽,,Q,음식,Q10,별식/퓨전요리,Q10A01,죽전문점,I56111,한식 음식점업,41,경기도,41135,성남시 분당구,4113558000,서현1동,4113510500,서현동,4.11351E+18,1,대지,96,,경기도 성남시 분당구 서현동 96,4.11353E+11,경기도 성남시 분당구 중앙공원로,54,,4.11351E+24,시범단지우성아파트,경기도 성남시 분당구 중앙공원로 54,463773,13589,,1,,127.1303198,37.38117012
20298080,씨제이올리브영,정발산로점,D,소매,D03,종합소매점,D03B04,시장/종합상가,G47129,기타 음·식료품 위주 종합 소매업,41,경기도,41285,고양시 일산동구,4128559000,장항2동,4128510400,장항동,4.12851E+18,1,대지,862,1,경기도 고양시 일산동구 장항동 862-1,4.12853E+11,경기도 고양시 일산동구 정발산로,23,,4.12851E+24,호수빌딩,경기도 고양시 일산동구 정발산로 23,410380,10402,,1,,126.7712977,37.65671016
20792502,메양꼬치,,Q,음식,Q09,유흥주점,Q09A01,호프/맥주,I56219,기타 주점업,41,경기도,41135,성남시 분당구,4113565500,삼평동,4113510900,삼평동,4.11351E+18,1,대지,678,,경기도 성남시 분당구 삼평동 678,4.11353E+11,경기도 성남시 분당구 판교역로,240,,4.11351E+24,삼환하이펙스A동,경기도 성남시 분당구 판교역로 240,463400,13493,,1,,127.1104474,37.4020985
20794351,별밤노래방,,N,관광/여가/오락,N02,무도/유흥/가무,N02A01,노래방,R91223,노래연습장 운영업,41,경기도,41830,양평군,4183034000,옥천면,4183034021,옥천면,4.18303E+18,1,대지,537,1,경기도 양평군 옥천면 옥천리 537-1,4.18303E+11,경기도 양평군 옥천면 고읍로,166,,4.18303E+24,,경기도 양평군 옥천면 고읍로 166,476832,12507,,1,,127.4601443,37.52122702
20224893,수유왕족발.보쌈,,Q,음식,Q01,한식,Q01A08,족발/보쌈전문,I56111,한식 음식점업,41,경기도,41590,화성시,4159058600,동탄2동,4159012700,반송동,4.15901E+18,1,대지,159,,경기도 화성시 반송동 159,4.15903E+11,경기도 화성시 동탄중앙로,99,,4.15901E+24,동탄새강마을휴먼시아아파트,경기도 화성시 동탄중앙로 99,445827,18439,,1,,127.0704875,37.19207185
20251444,탑골찜닭,,Q,음식,Q05,닭/오리요리,Q05A04,찜닭전문점,I56111,한식 음식점업,41,경기도,41113,수원시 권선구,4111356000,서둔동,4111313300,탑동,4.11131E+18,1,대지,820,6,경기도 수원시 권선구 탑동 820-6,4.11134E+11,경기도 수원시 권선구 탑동로3번길,50,,4.11131E+24,,경기도 수원시 권선구 탑동로3번길 50,441440,16606,,,,126.9724456,37.26881898
20251717,라이프러리독서실,,R,학문/교육,R10,도서관/독서실,R10A01,독서실,R90212,독서실 운영업,41,경기도,41271,안산시 상록구,4127155000,본오2동,4127110400,본오동,4.12711E+18,1,대지,880,14,경기도 안산시 상록구 본오동 880-14,4.12713E+11,경기도 안산시 상록구 샘골로,113,,4.12711E+24,우성프라자,경기도 안산시 상록구 샘골로 113,426180,15540,,2,,126.8626567,37.2939643
20748564,아웃백스테이크하우스원마운트점,원마운트점,Q,음식,Q06,양식,Q06A05,패밀리레스토랑,I56114,서양식 음식점업,41,경기도,41287,고양시 일산서구,4128758000,송포동,4128710400,대화동,4.12871E+18,1,대지,2606,,경기도 고양시 일산서구 대화동 2606,4.12873E+11,경기도 고양시 일산서구 한류월드로,300,,4.12871E+24,원마운트,경기도 고양시 일산서구 한류월드로 300,411410,10392,,4,,126.7545073,37.66454404
20748794,성의피아노,,R,학문/교육,R05,학원-음악미술무용,R05A02,피아노/바이올린/기타,P85620,예술 학원,41,경기도,41285,고양시 일산동구,4128555200,백석2동,4128510600,백석동,4.12851E+18,1,대지,1318,,경기도 고양시 일산동구 백석동 1318,4.12853E+11,경기도 고양시 일산동구 호수로,340,38,4.12851E+24,비잔티움1단지,경기도 고양시 일산동구 호수로 340-38,410909,10449,,2,,126.7884976,37.63880472
20304316,복지새마을식당,,Q,음식,Q01,한식,Q01A01,한식/백반/한정식,I56111,한식 음식점업,42,강원도,42230,삼척시,4223025000,도계읍,4223025033,도계읍,4.22303E+18,1,대지,48,3,강원도 삼척시 도계읍 전두리 48-3,4.22304E+11,강원도 삼척시 도계읍 도계로3길,16,18,4.22303E+24,복지식당,강원도 삼척시 도계읍 도계로3길 16-18,245908,25947,,1,,129.0440983,37.23194593
20316517,삼지매점자동판매기,,D,소매,D25,기타판매업,D25A18,자동판매기운영,G47991,자동판매기 운영업,42,강원도,42230,삼척시,4223053000,교동,4223010600,교동,4.22301E+18,1,대지,695,,강원도 삼척시 교동 695,4.22303E+11,강원도 삼척시 대학로,81,,4.22301E+24,삼척시청,강원도 삼척시 대학로 81,245933,25916,,1,,129.161624,37.44871971
20811070,강수학,,R,학문/교육,R01,학원-보습교습입시,R01A01,학원-입시,P85501,일반 교과 학원,41,경기도,41287,고양시 일산서구,4128753000,일산3동,4128710100,일산동,4.12871E+18,1,대지,1088,1,경기도 고양시 일산서구 일산동 1088-1,4.12873E+11,경기도 고양시 일산서구 일산로,517,,4.12871E+24,,경기도 고양시 일산서구 일산로 517,411310,10360,,3,,126.769964,37.67641036
20811888,꼬알라노래타운주점,,Q,음식,Q09,유흥주점,Q09A10,룸살롱/단란주점,I56211,일반유흥 주점업,41,경기도,41465,용인시 수지구,4146551000,풍덕천1동,4146510100,풍덕천동,4.14651E+18,1,대지,710,6,경기도 용인시 수지구 풍덕천동 710-6,4.14654E+11,경기도 용인시 수지구 풍덕천로139번길,6,5,4.14651E+24,거송빌딩,경기도 용인시 수지구 풍덕천로139번길 6-5,448170,16837,,3,,127.0968513,37.32461068
20212487,수정다방,,Q,음식,Q12,커피점/카페,Q12A01,커피전문점/카페/다방,I56220,비알콜 음료점업,41,경기도,41271,안산시 상록구,4127160000,반월동,4127111100,건건동,4.12711E+18,1,대지,927,12,경기도 안산시 상록구 건건동 927-12,4.12714E+11,경기도 안산시 상록구 건건1길,31,,4.12711E+24,,경기도 안산시 상록구 건건1길 31,426210,15521,,1,,126.9015583,37.30313525
20213715,시티칸,,Q,음식,Q09,유흥주점,Q09A01,호프/맥주,I56219,기타 주점업,41,경기도,41610,광주시,4161025000,오포읍,4161025021,오포읍,4.16103E+18,1,대지,318,3,경기도 광주시 오포읍 고산리 318-3,4.16104E+11,경기도 광주시 오포읍 고산길,25,,4.16103E+24,,경기도 광주시 오포읍 고산길 25,464889,12790,,1,,127.2290177,37.37051908
20775992,삼성상회,,D,소매,D01,음/식료품소매,D01A09,식자재판매,G47219,기타 식료품 소매업,41,경기도,41171,안양시 만안구,4117151000,안양1동,4117110100,안양동,4.11711E+18,1,대지,622,26,경기도 안양시 만안구 안양동 622-26,4.11713E+11,경기도 안양시 만안구 만안로,177,,4.11711E+24,대광여인숙,경기도 안양시 만안구 만안로 177,430010,13996,,1,,126.9260049,37.39720603
20776121,그린공인중개사,,L,부동산,L01,부동산중개,L01A01,부동산중개,L68221,부동산 자문 및 중개업,41,경기도,41113,수원시 권선구,4111369000,곡선동,4111313600,곡반정동,4.11131E+18,1,대지,513,16,경기도 수원시 권선구 곡반정동 513-16,4.11134E+11,경기도 수원시 권선구 동수원로146번길,58,,4.11131E+24,,경기도 수원시 권선구 동수원로146번길 58,441400,16667,,1,1,127.0323256,37.24509323
20750181,구석기손두부,,Q,음식,Q01,한식,Q01A01,한식/백반/한정식,I56111,한식 음식점업,41,경기도,41800,연천군,4180025300,전곡읍,4180025324,전곡읍,4.18003E+18,1,대지,93,13,경기도 연천군 전곡읍 고능리 93-13,4.18004E+11,경기도 연천군 전곡읍 양연로1388번길,11,,4.18003E+24,,경기도 연천군 전곡읍 양연로1388번길 11,486909,11039,,,4,127.0546323,38.00712794
20776846,즐겨찾기,,F,생활서비스,F07,물품기기대여,F07A04,도서/만화대여,L69291,서적 임대업,41,경기도,41150,의정부시,4115057300,송산1동,4115010500,용현동,4.11501E+18,1,대지,231,,경기도 의정부시 용현동 231,4.11503E+11,경기도 의정부시 오목로,17,,4.11501E+24,,경기도 의정부시 오목로 17,480838,11791,,1,,127.0850219,37.73252628
20801902,지식인국어,,R,학문/교육,R01,학원-보습교습입시,R01A01,학원-입시,P85501,일반 교과 학원,41,경기도,41287,고양시 일산서구,4128753000,일산3동,4128710100,일산동,4.12871E+18,1,대지,1079,1,경기도 고양시 일산서구 일산동 1079-1,4.12873E+11,경기도 고양시 일산서구 일산로,542,,4.12871E+24,용신프라자,경기도 고양시 일산서구 일산로 542,411310,10374,,3,,126.7680005,37.67792158
20320373,진달래향기밥상,,Q,음식,Q01,한식,Q01A01,한식/백반/한정식,I56111,한식 음식점업,41,경기도,41630,양주시,4163034000,장흥면,4163034023,장흥면,4.16303E+18,1,대지,393,7,경기도 양주시 장흥면 부곡리 393-7,4.16304E+11,경기도 양주시 장흥면 가마골로100번길,27,,4.16303E+24,,경기도 양주시 장흥면 가마골로100번길 27,482812,11521,,1,,126.9780799,37.72796253
20778927,키즈까페아이사랑,,Q,음식,Q12,커피점/카페,Q12A01,커피전문점/카페/다방,I56220,비알콜 음료점업,42,강원도,42150,강릉시,4215064500,성덕동,4215012500,입암동,4.21501E+18,1,대지,708,3,강원도 강릉시 입암동 708-3,4.21503E+11,강원도 강릉시 성덕포남로,45,8,4.21501E+24,,강원도 강릉시 성덕포남로 45-8,210938,25615,,2,4,128.9194556,37.75931486
20751407,미다모아미용실,,F,생활서비스,F01,이/미용/건강,F01A01,여성미용실,S96112,두발미용업,42,강원도,42720,홍천군,4272025000,홍천읍,4272025022,홍천읍,4.27203E+18,1,대지,65,18,강원도 홍천군 홍천읍 신장대리 65-18,4.27204E+11,강원도 홍천군 홍천읍 홍천로6길,6,,4.27203E+24,,강원도 홍천군 홍천읍 홍천로6길 6,250805,25137,,1,,127.8848977,37.68949947
20197960,낙조,,Q,음식,Q03,일식/수산물,Q03A01,횟집,I56111,한식 음식점업,41,경기도,41590,화성시,4159035000,서신면,4159035026,서신면,4.15904E+18,1,대지,190,47,경기도 화성시 서신면 제부리 190-47,4.15904E+11,경기도 화성시 서신면 해안길,300,,4.15904E+24,,경기도 화성시 서신면 해안길 300,445883,18553,,,,126.6175117,37.16799957
20321399,남미에스앤에프,,D,소매,D01,음/식료품소매,D01A24,냉동식품판매,G47219,기타 식료품 소매업,43,충청북도,43770,음성군,4377033000,맹동면,4377033021,맹동면,4.37703E+18,1,대지,768,,충청북도 음성군 맹동면 쌍정리 768,4.37703E+11,충청북도 음성군 맹동면 맹동산단로,38,39,4.37703E+24,,충청북도 음성군 맹동면 맹동산단로 38-39,369811,27733,,,,127.5639881,36.92003819
20702182,매산흑염소,,D,소매,D10,건강/미용식품,D10A07,건강원,G47216,건강보조식품 소매업,41,경기도,41115,수원시 팔달구,4111566000,매산동,4111513400,매산로1가,4.11151E+18,1,대지,57,61,경기도 수원시 팔달구 매산로1가 57-61,4.11154E+11,경기도 수원시 팔달구 덕영대로943번길,7,1,4.11151E+24,,경기도 수원시 팔달구 덕영대로943번길 7-1,442081,16461,,1,,127.0021509,37.26484698
20804816,와이즈학원,,R,학문/교육,R01,학원-보습교습입시,R01A01,학원-입시,P85501,일반 교과 학원,41,경기도,41250,동두천시,4125056500,불현동,4125010300,생연동,4.12501E+18,1,대지,383,,경기도 동두천시 생연동 383,4.12503E+11,경기도 동두천시 행선로,123,12,4.12501E+24,에이스프라자,경기도 동두천시 행선로 123-12,483030,11358,,3,,127.0618469,37.89835521
20276763,홍두깨왕족발보쌈,,Q,음식,Q01,한식,Q01A08,족발/보쌈전문,I56111,한식 음식점업,42,강원도,42790,화천군,4279025000,화천읍,4279025022,화천읍,4.27903E+18,1,대지,43,2,강원도 화천군 화천읍 하리 43-2,4.27903E+11,강원도 화천군 화천읍 상승로,54,7,4.27903E+24,홍두깨왕족발보쌈,강원도 화천군 화천읍 상승로 54-7,209804,24123,,1,,127.7052139,38.10564984
20337532,수원시청기사식당,,Q,음식,Q01,한식,Q01A21,기사식당,I56111,한식 음식점업,41,경기도,41115,수원시 팔달구,4111573000,인계동,4111514100,인계동,4.11151E+18,1,대지,1111,,경기도 수원시 팔달구 인계동 1111,4.11153E+11,경기도 수원시 팔달구 효원로,241,,4.11151E+24,수원시청,경기도 수원시 팔달구 효원로 241,442701,16490,,1,,127.0286522,37.26344542
20337743,피자마루,,Q,음식,Q07,패스트푸드,Q07A01,피자전문,I56192,"피자, 햄버거, 샌드위치 및 유사 음식점업",41,경기도,41590,화성시,4159025900,향남읍,4159025939,향남읍,4.15903E+18,1,대지,426,10,경기도 화성시 향남읍 행정리 426-10,4.15904E+11,경기도 화성시 향남읍 행정서로3길,4,30,4.15903E+24,,경기도 화성시 향남읍 행정서로3길 4-30,445926,18598,,1,,126.9161613,37.13018879
20321919,시장한우소머리국밥,,Q,음식,Q01,한식,Q01A05,해장국/감자탕,I56111,한식 음식점업,43,충청북도,43740,영동군,4374025000,영동읍,4374025021,영동읍,4.37403E+18,1,대지,687,9,충청북도 영동군 영동읍 계산리 687-9,4.37405E+11,충청북도 영동군 영동읍 중앙로2길,3,,4.37403E+24,음식점,충청북도 영동군 영동읍 중앙로2길 3,370809,29145,,1,,127.776933,36.17461565
20741664,대원문구,,D,소매,D08,사무/문구/컴퓨터,D08A01,사무/문구용품,G47612,문구용품 소매업,41,경기도,41173,안양시 동안구,4117357600,평안동,4117310300,평촌동,4.11731E+18,1,대지,898,6,경기도 안양시 동안구 평촌동 898-6,4.11733E+11,경기도 안양시 동안구 부림로,55,,4.11731E+24,초원대원아파트,경기도 안양시 동안구 부림로 55,431743,14070,,1,,126.967491,37.38791615
20202440,어촌마을자동판매기,,D,소매,D25,기타판매업,D25A18,자동판매기운영,G47991,자동판매기 운영업,41,경기도,41590,화성시,4159035000,서신면,4159035025,서신면,4.15904E+18,1,대지,377,2,경기도 화성시 서신면 송교리 377-2,4.15903E+11,경기도 화성시 서신면 제부로,222,,4.15904E+24,,경기도 화성시 서신면 제부로 222,445883,18553,,1,,126.6562986,37.17383418
20257027,코스트플러스피자,,Q,음식,Q07,패스트푸드,Q07A01,피자전문,I56192,"피자, 햄버거, 샌드위치 및 유사 음식점업",41,경기도,41287,고양시 일산서구,4128755000,주엽1동,4128710200,주엽동,4.12871E+18,1,대지,84,,경기도 고양시 일산서구 주엽동 84,4.12873E+11,경기도 고양시 일산서구 강선로,30,,4.12871E+24,강선마을15단지아파트,경기도 고양시 일산서구 강선로 30,411746,10365,,2,105,126.7631171,37.66684212
20676574,파파맘,,Q,음식,Q09,유흥주점,Q09A08,빠/카페/스탠드빠,I56211,일반유흥 주점업,41,경기도,41285,고양시 일산동구,4128551000,식사동,4128510100,식사동,4.12851E+18,1,대지,1545,2,경기도 고양시 일산동구 식사동 1545-2,4.12854E+11,경기도 고양시 일산동구 위시티2로11번길,6,31,4.12851E+24,,경기도 고양시 일산동구 위시티2로11번길 6-31,410821,10323,,4,,126.8137329,37.67639022
20676658,자유식당,,Q,음식,Q15,부페,Q15A01,종합부페,,,41,경기도,41281,고양시 덕양구,4128162200,화정2동,4128112300,화정동,4.12811E+18,1,대지,972,,경기도 고양시 덕양구 화정동 972,4.12814E+11,경기도 고양시 덕양구 화신로272번길,58,,4.12811E+24,영프라자빌딩,경기도 고양시 덕양구 화신로272번길 58,412743,10500,,1,,126.8320869,37.63364897
20703488,아네스헬스ㆍ뷰티,,D,소매,D05,의복의류,D05A03,여성의류전문점,,,41,경기도,41150,의정부시,4115051000,의정부1동,4115010100,의정부동,4.11501E+18,1,대지,155,25,경기도 의정부시 의정부동 155-25,4.11504E+11,경기도 의정부시 시민로121번길,77,,4.11501E+24,,경기도 의정부시 시민로121번길 77,480010,11692,,1,,127.0504857,37.74159674
20705514,아이디헤어,,F,생활서비스,F01,이/미용/건강,F01A01,여성미용실,S96112,두발미용업,41,경기도,41480,파주시,4148054000,교하동,4148011500,문발동,4.14801E+18,1,대지,641,,경기도 파주시 문발동 641,4.14804E+11,경기도 파주시 회동길,430,,4.14801E+24,롯데프리미엄아울렛,경기도 파주시 회동길 430,413120,10881,,3,,126.6944132,37.71951284
20718815,GS25,성남대로점,D,소매,D03,종합소매점,D03A01,편의점,G47122,체인화 편의점,41,경기도,41131,성남시 수정구,4113158000,수진2동,4113110300,수진동,4.11311E+18,1,대지,3993,,경기도 성남시 수정구 수진동 3993,4.11312E+11,경기도 성남시 수정구 성남대로,1196,,4.11311E+24,,경기도 성남시 수정구 성남대로 1196,461180,13320,,1,,127.1287073,37.43657438
20205359,가일집,,Q,음식,Q01,한식,Q01A01,한식/백반/한정식,I56111,한식 음식점업,41,경기도,41650,포천시,4165037000,일동면,4165037023,일동면,4.16504E+18,1,대지,89,53,경기도 포천시 일동면 기산리 89-53,4.16503E+11,경기도 포천시 일동면 화동로,1039,,4.16504E+24,,경기도 포천시 일동면 화동로 1039,487851,11116,,1,,127.3167122,37.95635145
20521541,송담가든,,Q,음식,Q01,한식,Q01A01,한식/백반/한정식,I56111,한식 음식점업,43,충청북도,43740,영동군,4374025000,영동읍,4374025034,영동읍,4.37403E+18,1,대지,295,16,충청북도 영동군 영동읍 주곡리 295-16,4.37403E+11,충청북도 영동군 영동읍 영동황간로,478,,4.37403E+24,,충청북도 영동군 영동읍 영동황간로 478,370801,29127,,1,,127.8170968,36.16987085
20522080,본죽,보정동단국대점,Q,음식,Q10,별식/퓨전요리,Q10A01,죽전문점,I56111,한식 음식점업,41,경기도,41463,용인시 기흥구,4146359000,보정동,4146311800,보정동,4.14631E+18,1,대지,1265,2,경기도 용인시 기흥구 보정동 1265-2,4.14633E+11,경기도 용인시 기흥구 죽전로,50,,4.14631E+24,센타프라자,경기도 용인시 기흥구 죽전로 50,446858,16898,,1,,127.1142445,37.32028177
20185727,광히카리마구로,,Q,음식,Q03,일식/수산물,Q03A04,참치전문점,I56113,일식 음식점업,41,경기도,41590,화성시,4159058500,동탄1동,4159012700,반송동,4.15901E+18,1,대지,107,4,경기도 화성시 반송동 107-4,4.15903E+11,경기도 화성시 동탄문화센터로,71,17,4.15901E+24,연세프라자,경기도 화성시 동탄문화센터로 71-17,445160,18455,,1,,127.0727303,37.20025342
20773130,푸른산아이랜드,,R,학문/교육,R08,유아교육,R08A01,놀이방,Q87210,보육시설 운영업,41,경기도,41135,성남시 분당구,4113568000,운중동,4113511500,운중동,4.11351E+18,1,대지,883,7,경기도 성남시 분당구 운중동 883-7,4.11353E+11,경기도 성남시 분당구 운중로,27,,4.11351E+24,,경기도 성남시 분당구 운중로 27,463440,13463,,1,1,127.0660069,37.39169082
20773206,이화집,,Q,음식,Q01,한식,Q01A01,한식/백반/한정식,I56111,한식 음식점업,42,강원도,42820,고성군,4282032000,죽왕면,4282032031,죽왕면,4.28203E+18,1,대지,19,13,강원도 고성군 죽왕면 문암진리 19-13,4.28205E+11,강원도 고성군 죽왕면 문암항2길,15,,4.28203E+24,,강원도 고성군 죽왕면 문암항2길 15,219823,24752,,1,,128.5469273,38.3025729
20792309,BD정보통신,,D,소매,D18,사진/광학/정밀기기소매,D18A02,핸드폰소매,G47312,통신기기 소매업,41,경기도,41115,수원시 팔달구,4111571000,우만1동,4111514000,우만동,4.11151E+18,1,대지,553,15,경기도 수원시 팔달구 우만동 553-15,4.11154E+11,경기도 수원시 팔달구 중부대로143번길,69,,4.11151E+24,,경기도 수원시 팔달구 중부대로143번길 69,442190,16240,,1,,127.0326296,37.28125648
20722954,빅센스,,D,소매,D05,의복의류,D05A09,남성의류전문점,,,42,강원도,42130,원주시,4213054100,명륜1동,4213010600,명륜동,4.21301E+18,1,대지,26,,강원도 원주시 명륜동 26,4.21303E+11,강원도 원주시 치악로,1803,,4.21301E+24,남부시장,강원도 원주시 치악로 1803,220040,26441,,1,,127.9543885,37.3431152
20805685,바닐라코,롯데백화점안양점,D,소매,D16,화장품소매,D16A01,화장품판매점,G47813,화장품 및 방향제 소매업,41,경기도,41171,안양시 만안구,4117152000,안양2동,4117110100,안양동,4.11711E+18,1,대지,88,1,경기도 안양시 만안구 안양동 88-1,4.11713E+11,경기도 안양시 만안구 태평로,183,,4.11711E+24,안양지구대,경기도 안양시 만안구 태평로 183,430759,13993,,2,,126.922945,37.40109782
20528746,회원제스타트하우스,,Q,음식,Q01,한식,Q01A01,한식/백반/한정식,I56111,한식 음식점업,43,충청북도,43113,청주시 흥덕구,4311332000,옥산면,4311332026,옥산면,4.31133E+18,2,산,53,,충청북도 청주시 흥덕구 옥산면 동림리 53,4.31135E+11,충청북도 청주시 흥덕구 옥산면 동림2길,149,,4.37104E+24,,충청북도 청주시 흥덕구 옥산면 동림2길 149,361912,28103,,,6,127.319022,36.66549302
20725349,럭키마트나들가게,,D,소매,D03,종합소매점,D03A02,수퍼마켓,G47121,슈퍼마켓,41,경기도,41115,수원시 팔달구,4111566000,매산동,4111513600,매산로3가,4.11151E+18,1,대지,106,3,경기도 수원시 팔달구 매산로3가 106-3,4.11153E+11,경기도 수원시 팔달구 갓매산로,21,,4.11151E+24,,경기도 수원시 팔달구 갓매산로 21,442852,16461,,1,,127.0061987,37.26653903
20726883,스터디샵,,R,학문/교육,R09,학원기타,R09A01,학원(종합),P85501,일반 교과 학원,41,경기도,41285,고양시 일산동구,4128556000,마두1동,4128510500,마두동,4.12851E+18,1,대지,723,,경기도 고양시 일산동구 마두동 723,4.12853E+11,경기도 고양시 일산동구 일산로,240,,4.12851E+24,백마프라자,경기도 고양시 일산동구 일산로 240,410350,10417,,3,,126.7885768,37.65764574
20761380,형제종합설비,,F,생활서비스,F15,주택수리,F15A03,배관난방보일러,F42201,배관 및 냉·난방 공사업,41,경기도,41500,이천시,4150025000,장호원읍,4150025021,장호원읍,4.15003E+18,1,대지,35,4,경기도 이천시 장호원읍 장호원리 35-4,4.15004E+11,경기도 이천시 장호원읍 장감로77번길,24,,4.15003E+24,,경기도 이천시 장호원읍 장감로77번길 24,467902,17418,,1,,127.6312368,37.11850256
20582210,부부탕제원,,S,의료,S02,약국/한약방,S02A03,탕제원,G47859,그외 기타 분류안된 상품 전문 소매업,43,충청북도,43111,청주시 상당구,4311168000,금천동,4311112000,금천동,4.31111E+18,1,대지,187,17,충청북도 청주시 상당구 금천동 187-17,4.31115E+11,충청북도 청주시 상당구 중고개로337번길,134,,4.31111E+24,,충청북도 청주시 상당구 중고개로337번길 134,360802,28726,,1,,127.4992061,36.62535485
20651427,쏘쿨,,Q,음식,Q09,유흥주점,Q09A01,호프/맥주,I56219,기타 주점업,43,충청북도,43750,진천군,4375037000,광혜원면,4375037027,광혜원면,4.37504E+18,1,대지,529,31,충청북도 진천군 광혜원면 광혜원리 529-31,4.37505E+11,충청북도 진천군 광혜원면 화랑3길,7,,4.37504E+24,,충청북도 진천군 광혜원면 화랑3길 7,365833,27802,,,,127.4369492,36.99302966
20578309,패밀리분식,,Q,음식,Q04,분식,Q04A01,라면김밥분식,I56194,분식 및 김밥 전문점,41,경기도,41410,군포시,4141057000,재궁동,4141010500,금정동,4.14101E+18,1,대지,744,1,경기도 군포시 금정동 744-1,4.14103E+11,경기도 군포시 금재로,4,,4.14101E+24,신환아파트상가2,경기도 군포시 금재로 4,435763,15834,,1,34,126.9415432,37.36201533
20762517,상유재카페,,Q,음식,Q12,커피점/카페,Q12A01,커피전문점/카페/다방,I56220,비알콜 음료점업,42,강원도,42770,정선군,4277025000,정선읍,4277025021,정선읍,4.27703E+18,1,대지,217,10,강원도 정선군 정선읍 봉양리 217-10,4.27703E+11,강원도 정선군 정선읍 정선로,1323,,4.27703E+24,,강원도 정선군 정선읍 정선로 1323,233804,26131,,1,,128.6608049,37.37945798
20795208,천년가,,Q,음식,Q01,한식,Q01A01,한식/백반/한정식,I56111,한식 음식점업,43,충청북도,43112,청주시 서원구,4311232000,현도면,4311232033,현도면,4.31123E+18,1,대지,116,3,충청북도 청주시 서원구 현도면 양지리 116-3,4.31123E+11,충청북도 청주시 서원구 현도면 청남로,86,6,4.37104E+24,오리참숯구이,충청북도 청주시 서원구 현도면 청남로 86-6,362821,28216,,1,,127.4245431,36.46381614
20795398,지혜바둑,,N,관광/여가/오락,N01,PC/오락/당구/볼링등,N01A09,기원,R91293,기원 운영업,41,경기도,41287,고양시 일산서구,4128754000,탄현동,4128710300,탄현동,4.12871E+18,1,대지,1577,4,경기도 고양시 일산서구 탄현동 1577-4,4.12873E+11,경기도 고양시 일산서구 산현로,15,,4.12871E+24,무광프라자,경기도 고양시 일산서구 산현로 15,411320,10343,,2,,126.7632946,37.68961245
20510237,씨밀레베이커리카페,,Q,음식,Q12,커피점/카페,Q12A01,커피전문점/카페/다방,I56220,비알콜 음료점업,41,경기도,41610,광주시,4161053000,광남동,4161010800,중대동,4.16105E+18,1,대지,46,3,경기도 광주시 중대동 46-3,4.16103E+11,경기도 광주시 순암로,192,,4.16101E+24,,경기도 광주시 순암로 192,464080,12768,,,,127.2278677,37.39899487
20728918,문주란피아노,,R,학문/교육,R05,학원-음악미술무용,R05A02,피아노/바이올린/기타,P85620,예술 학원,41,경기도,41150,의정부시,4115055500,호원2동,4115010200,호원동,4.11501E+18,1,대지,309,80,경기도 의정부시 호원동 309-80,4.11504E+11,경기도 의정부시 전좌로156번길,47,,4.11501E+24,아름들이마트,경기도 의정부시 전좌로156번길 47,480020,11636,,3,,127.043019,37.72227252
20583053,또순이활어센타,,Q,음식,Q03,일식/수산물,Q03A01,횟집,I56111,한식 음식점업,42,강원도,42210,속초시,4221051000,영랑동,4221011300,장사동,4.22101E+18,1,대지,577,36,강원도 속초시 장사동 577-36,4.22104E+11,강원도 속초시 장사항해안길,11,,4.22101E+24,,강원도 속초시 장사항해안길 11,217130,24804,,1,,128.5896828,38.22275695
20583319,효성식당,,Q,음식,Q01,한식,Q01A01,한식/백반/한정식,I56111,한식 음식점업,43,충청북도,43111,청주시 상당구,4311168000,금천동,4311112000,금천동,4.31111E+18,1,대지,166,6,충청북도 청주시 상당구 금천동 166-6,4.31115E+11,충청북도 청주시 상당구 단재로57번길,9,,4.31111E+24,,충청북도 청주시 상당구 단재로57번길 9,360802,28736,,1,,127.4950448,36.62395844
20583322,원산대반점,,Q,음식,Q02,중식,Q02A00,중국음식/중국집,I56112,중식 음식점업,43,충청북도,43114,청주시 청원구,4311453000,내덕2동,4311410200,내덕동,4.31141E+18,1,대지,115,,충청북도 청주시 청원구 내덕동 115,4.31145E+11,충청북도 청주시 청원구 안덕벌로49번가길,6,,4.31111E+24,,충청북도 청주시 청원구 안덕벌로49번가길 6,363170,28499,,,,127.4937705,36.65809988
20620380,브람스,,Q,음식,Q12,커피점/카페,Q12A01,커피전문점/카페/다방,I56220,비알콜 음료점업,41,경기도,41390,시흥시,4139059100,정왕1동,4139013200,정왕동,4.13901E+18,1,대지,2121,3,경기도 시흥시 정왕동 2121-3,4.13903E+11,경기도 시흥시 경기과기대로,269,,4.13901E+24,경기과학기술대학,경기도 시흥시 경기과기대로 269,429450,15073,,1,,126.7364114,37.33879994
20565756,효촌방앗간,,F,생활서비스,F02,세탁/가사서비스,F02A04,방앗간/정미소,,,43,충청북도,43111,청주시 상당구,4311134000,남일면,4311134022,남일면,4.31113E+18,1,대지,251,11,충청북도 청주시 상당구 남일면 효촌리 251-11,4.31113E+11,충청북도 청주시 상당구 남일면 단재로,457,,4.37103E+24,,충청북도 청주시 상당구 남일면 단재로 457,360844,28187,,1,,127.5072225,36.59024087
20940697,신구자동차공업사,,F,생활서비스,F14,자동차/이륜차,F14A01,자동차정비/카센타,,,41,경기도,41133,성남시 중원구,4113355000,은행1동,4113310400,은행동,4.11331E+18,1,대지,2034,3,경기도 성남시 중원구 은행동 2034-3,4.11334E+11,경기도 성남시 중원구 자혜로113번길,2,,4.11331E+24,그린빌라,경기도 성남시 중원구 자혜로113번길 2,462150,13164,B,1,,127.1717532,37.45263459
20764447,아주철물전기,,D,소매,D21,철물/난방/건설자재소매,D21A06,철물/건설자재소매,G47511,철물 및 난방용구 소매업,41,경기도,41117,수원시 영통구,4111751000,매탄1동,4111710100,매탄동,4.11171E+18,1,대지,153,24,경기도 수원시 영통구 매탄동 153-24,4.11174E+11,경기도 수원시 영통구 매여울로67번길,30,,4.11171E+24,,경기도 수원시 영통구 매여울로67번길 30,443370,16531,,1,,127.0435432,37.27430766
20764532,앵두노래연습장,,N,관광/여가/오락,N02,무도/유흥/가무,N02A01,노래방,R91223,노래연습장 운영업,41,경기도,41113,수원시 권선구,4111353000,세류2동,4111312600,세류동,4.11131E+18,1,대지,1120,11,경기도 수원시 권선구 세류동 1120-11,4.11134E+11,경기도 수원시 권선구 경수대로277번길,7,,4.11131E+24,,경기도 수원시 권선구 경수대로277번길 7,441110,16590,,1,,127.0189371,37.25190344
20766607,반도미용실,,F,생활서비스,F01,이/미용/건강,F01A01,여성미용실,S96112,두발미용업,41,경기도,41131,성남시 수정구,4113154000,태평1동,4113110200,태평동,4.11311E+18,1,대지,7231,10,경기도 성남시 수정구 태평동 7231-10,4.11314E+11,경기도 성남시 수정구 모란로87번길,1,,4.11311E+24,,경기도 성남시 수정구 모란로87번길 1,461190,13111,,1,,127.1257327,37.44068833
20513705,예원,,Q,음식,Q01,한식,Q01A01,한식/백반/한정식,I56111,한식 음식점업,42,강원도,42720,홍천군,4272036000,남면,4272036021,남면,4.27204E+18,1,대지,191,10,강원도 홍천군 남면 양덕원리 191-10,4.27204E+11,강원도 홍천군 남면 양덕원2길,10,,4.27204E+24,,강원도 홍천군 남면 양덕원2길 10,250875,25108,,1,,127.7689823,37.61627115
20600496,한우농가마을,,Q,음식,Q01,한식,Q01A01,한식/백반/한정식,I56111,한식 음식점업,41,경기도,41670,여주시,4167052000,중앙동,4167010700,하동,4.16701E+18,1,대지,128,42,경기도 여주시 하동 128-42,4.16704E+11,경기도 여주시 여흥로33번길,11,,4.17303E+24,,경기도 여주시 여흥로33번길 11,469107,12623,,1,,127.6281452,37.29928629
20729680,춘천컨셉아트학원,,R,학문/교육,R02,학원-창업취업취미,R02A13,학원-만화영화,P85620,예술 학원,42,강원도,42110,춘천시,4211053000,조운동,4211010800,조양동,4.21101E+18,1,대지,24,5,강원도 춘천시 조양동 24-5,4.21104E+11,강원도 춘천시 시청길12번길,5,,4.21101E+24,,강원도 춘천시 시청길12번길 5,200941,24352,,2,,127.729351,37.88008589
20613120,현대반점,,Q,음식,Q02,중식,Q02A00,중국음식/중국집,I56112,중식 음식점업,42,강원도,42110,춘천시,4211058000,소양동,4211011400,소양로2가,4.21101E+18,1,대지,1,,강원도 춘천시 소양로2가 1,4.21104E+11,강원도 춘천시 모수물길,60,,4.21101E+24,소양로현대아파트,강원도 춘천시 모수물길 60,200729,24267,B,,8,127.7264423,37.88891824
20500167,여자만해물탕율량동점,,Q,음식,Q03,일식/수산물,Q03A05,해물찜/탕전문,I56111,한식 음식점업,43,충청북도,43114,청주시 청원구,4311454000,율량.사천동,4311410300,율량동,4.31141E+18,1,대지,1195,2,충청북도 청주시 청원구 율량동 1195-2,4.31145E+11,충청북도 청주시 청원구 주성로132번길,28,1,4.31111E+24,,충청북도 청주시 청원구 주성로132번길 28-1,363819,28339,,1,,127.4820966,36.66921564
20809147,행신동물병원,,S,의료,S04,수의업,S04A02,동물병원,M73100,수의업,41,경기도,41281,고양시 덕양구,4128164000,행신1동,4128112800,행신동,4.12811E+18,1,대지,647,14,경기도 고양시 덕양구 행신동 647-14,4.12813E+11,경기도 고양시 덕양구 행신로,147,,4.12811E+24,,경기도 고양시 덕양구 행신로 147,412220,10517,,1,,126.8316316,37.61930921
20956947,경기자원,,D,소매,D24,중고품소매/교환,D24A02,재활용/고물수집,G47869,기타 중고상품 소매업,41,경기도,41115,수원시 팔달구,4111573000,인계동,4111514100,인계동,4.11151E+18,1,대지,1013,,경기도 수원시 팔달구 인계동 1013,4.11154E+11,경기도 수원시 팔달구 경수대로421번길,21,,4.11151E+24,,경기도 수원시 팔달구 경수대로421번길 21,442833,16480,,1,,127.0239647,37.26412774
20733252,춘산한약방,,S,의료,S02,약국/한약방,S02A02,한약방,G47811,의약품 및 의료용품 소매업,42,강원도,42110,춘천시,4211054500,약사명동,4211010500,중앙로2가,4.21101E+18,1,대지,99,,강원도 춘천시 중앙로2가 99,4.21104E+11,강원도 춘천시 낙원길,50,,4.21101E+24,,강원도 춘천시 낙원길 50,200042,24273,,2,,127.7269054,37.88050372
20798316,천재교육,,R,학문/교육,R09,학원기타,R09A01,학원(종합),P85501,일반 교과 학원,41,경기도,41135,성남시 분당구,4113567000,구미동,4113511400,구미동,4.11351E+18,1,대지,220,,경기도 성남시 분당구 구미동 220,4.11353E+11,경기도 성남시 분당구 미금로,66,,4.11351E+24,무지개마을주공4단지아파트,경기도 성남시 분당구 미금로 66,463713,13623,,4,,127.1166788,37.33979948
20798471,유레카수학,,R,학문/교육,R01,학원-보습교습입시,R01A01,학원-입시,P85501,일반 교과 학원,41,경기도,41173,안양시 동안구,4117357600,평안동,4117310300,평촌동,4.11731E+18,1,대지,898,2,경기도 안양시 동안구 평촌동 898-2,4.11733E+11,경기도 안양시 동안구 귀인로,237,,4.11731E+24,초원아파트상가동,경기도 안양시 동안구 귀인로 237,431742,14070,,1,,126.963196,37.38819394
20772802,늘푸른미술학원,,R,학문/교육,R05,학원-음악미술무용,R05A01,서예/서화/미술,P85620,예술 학원,41,경기도,41285,고양시 일산동구,4128555200,백석2동,4128510600,백석동,4.12851E+18,1,대지,1349,,경기도 고양시 일산동구 백석동 1349,4.12853E+11,경기도 고양시 일산동구 백석로,26,,4.12851E+24,흰돌마을3단지아파트,경기도 고양시 일산동구 백석로 26,410724,10448,,2,,126.7829551,37.64378434
20651310,주얼리노래빠주점,,Q,음식,Q09,유흥주점,Q09A10,룸살롱/단란주점,I56211,일반유흥 주점업,41,경기도,41461,용인시 처인구,4146151000,중앙동,4146110100,김량장동,4.14611E+18,1,대지,254,105,경기도 용인시 처인구 김량장동 254-105,4.14614E+11,경기도 용인시 처인구 금령로71번길,2,,4.14611E+24,삼성빌딩,경기도 용인시 처인구 금령로71번길 2,449925,17052,,1,,127.2042045,37.23537058
21080533,보궁한의원,,S,의료,S01,병원,S01B06,한의원,Q86203,한의원,41,경기도,41360,남양주시,4136025300,진접읍,4136025321,진접읍,4.13603E+18,1,대지,7,3,경기도 남양주시 진접읍 장현리 7-3,4.13603E+11,경기도 남양주시 진접읍 금강로,1657,,4.13603E+24,,경기도 남양주시 진접읍 금강로 1657,472865,12002,,1,,127.1942347,37.73822498
21100054,한일종합공사,,D,소매,D21,철물/난방/건설자재소매,D21A04,조립식앵글판매,G47511,철물 및 난방용구 소매업,41,경기도,41310,구리시,4131057000,수택1동,4131010500,수택동,4.13101E+18,1,대지,492,3,경기도 구리시 수택동 492-3,4.13104E+11,경기도 구리시 검배로71번길,10,,4.13101E+24,,경기도 구리시 검배로71번길 10,471030,11931,,1,,127.146755,37.59640995
21100059,하이마트구리역지점,구리역지점,D,소매,D12,가전제품소매,D12A01,일반가전제품,G47320,가전제품 소매업,41,경기도,41310,구리시,4131057000,수택1동,4131010500,수택동,4.13101E+18,1,대지,534,,경기도 구리시 수택동 534,4.13103E+11,경기도 구리시 경춘로,268,,4.13101E+24,(주)하이마트수택점,경기도 구리시 경춘로 268,471030,11930,,1,,127.1447523,37.6021982
21115777,남한강공인중개사무소,,L,부동산,L01,부동산중개,L01A01,부동산중개,L68221,부동산 자문 및 중개업,41,경기도,41670,여주시,4167035000,대신면,4167035034,대신면,4.16704E+18,1,대지,619,8,경기도 여주시 대신면 천서리 619-8,4.16703E+11,경기도 여주시 대신면 여양로,1980,,4.17304E+24,,경기도 여주시 대신면 여양로 1980,469842,12608,,1,,127.5461262,37.40300564
20819406,엔큐브,,R,학문/교육,R09,학원기타,R09A01,학원(종합),P85501,일반 교과 학원,41,경기도,41135,성남시 분당구,4113566500,구미1동,4113511400,구미동,4.11351E+18,1,대지,25,2,경기도 성남시 분당구 구미동 25-2,4.11354E+11,경기도 성남시 분당구 돌마로90번길,4,,4.11351E+24,엘레강스프라자1동,경기도 성남시 분당구 돌마로90번길 4,463808,13627,,7,,127.1117205,37.34971032
20820689,STOC,,D,소매,D05,의복의류,D05A09,남성의류전문점,,,42,강원도,42130,원주시,4213055000,단구동,4213010700,단구동,4.21301E+18,1,대지,1599,4,강원도 원주시 단구동 1599-4,4.21302E+11,강원도 원주시 서원대로,500,,4.21301E+24,원주프리미엄아울렛,강원도 원주시 서원대로 500,220965,26487,,1,,127.9570621,37.32559854
20993873,현대자동차서비스,,F,생활서비스,F14,자동차/이륜차,F14A01,자동차정비/카센타,,,41,경기도,41135,성남시 분당구,4113566500,구미1동,4113511400,구미동,4.11351E+18,1,대지,42,1,경기도 성남시 분당구 구미동 42-1,4.11354E+11,경기도 성남시 분당구 미금일로86번길,24,5,4.11351E+24,,경기도 성남시 분당구 미금일로86번길 24-5,463808,13627,,1,,127.1108388,37.34791054
20995158,동방종합인테리어,,D,소매,D07,가정/주방/인테리어,D07A01,인테리어/욕실용품/커튼,G47599,그외 기타 분류안된 가정용품 소매업,41,경기도,41131,성남시 수정구,4113157000,수진1동,4113110300,수진동,4.11311E+18,1,대지,13,,경기도 성남시 수정구 수진동 13,4.11314E+11,경기도 성남시 수정구 수정로136번길,5,,4.11311E+24,,경기도 성남시 수정구 수정로136번길 5,461180,13327,,1,,127.1355104,37.44144506
20841151,HRD교육원,,R,학문/교육,R09,학원기타,R09A11,학원-기타,P85699,그외 기타 분류안된 교육기관,41,경기도,41630,양주시,4163054000,회천2동,4163011700,회정동,4.16301E+18,1,대지,347,,경기도 양주시 회정동 347,4.16303E+11,경기도 양주시 평화로,1557,,4.16301E+24,,경기도 양주시 평화로 1557,482170,11439,,2,,127.0530807,37.82816001
21105926,민석이네,,D,소매,D03,종합소매점,D03A03,잡화점,G47190,그외 기타 종합 소매업,41,경기도,41150,의정부시,4115051000,의정부1동,4115010100,의정부동,4.11501E+18,1,대지,160,,경기도 의정부시 의정부동 160,4.11504E+11,경기도 의정부시 태평로73번길,20,,4.11501E+24,의정부제일시장,경기도 의정부시 태평로73번길 20,480010,11695,,1,,127.0500508,37.74011556
21121406,예은공인중개사사무소,,L,부동산,L01,부동산중개,L01A01,부동산중개,L68221,부동산 자문 및 중개업,41,경기도,41220,평택시,4122064000,세교동,4122012000,세교동,4.12201E+18,1,대지,555,,경기도 평택시 세교동 555,4.12203E+11,경기도 평택시 세교공원로,66,,4.12201E+24,부영아파트,경기도 평택시 세교공원로 66,450740,17836,,3,,127.084645,37.00324448
20942769,월성닭집,,D,소매,D01,음/식료품소매,D01A06,육류소매,G47212,육류 소매업,41,경기도,41210,광명시,4121055000,광명4동,4121010100,광명동,4.12106E+18,1,대지,158,1056,경기도 광명시 광명동 158-1056,4.12104E+11,경기도 광명시 광명로887번길,18,,4.12101E+24,,경기도 광명시 광명로887번길 18,423010,14285,,,,126.8519775,37.47901065
20943463,경일철물,,D,소매,D21,철물/난방/건설자재소매,D21A06,철물/건설자재소매,G47511,철물 및 난방용구 소매업,41,경기도,41115,수원시 팔달구,4111574000,행궁동,4111512600,구천동,4.11151E+18,1,대지,45,1,경기도 수원시 팔달구 구천동 45-1,4.11153E+11,경기도 수원시 팔달구 매산로,167,,4.11151E+24,,경기도 수원시 팔달구 매산로 167,442140,16263,,1,,127.0184399,37.2737147
20852638,연예인노래빠단란주점,,Q,음식,Q09,유흥주점,Q09A10,룸살롱/단란주점,I56211,일반유흥 주점업,41,경기도,41500,이천시,4150034000,마장면,4150034021,마장면,4.15003E+18,1,대지,277,,경기도 이천시 마장면 오천리 277,4.15003E+11,경기도 이천시 마장면 오천로,22,,4.15003E+24,,경기도 이천시 마장면 오천로 22,467814,17387,,1,,127.3509807,37.25443233
21122256,천마호키태권도장,,R,학문/교육,R07,학원-예능취미체육,R07A20,태권도장,P85611,스포츠 교육기관,41,경기도,41360,남양주시,4136025900,진건읍,4136025925,진건읍,4.13603E+18,1,대지,750,5,경기도 남양주시 진건읍 용정리 750-5,4.13604E+11,경기도 남양주시 진건읍 진건오남로86번길,11,,4.13603E+24,한신그린아파트,경기도 남양주시 진건읍 진건오남로86번길 11,472716,12134,,2,,127.1789338,37.65863011
21090899,알바전기조명,,D,소매,D07,가정/주방/인테리어,D07A10,조명기구/전기용품,G47591,전기용품 및 조명장치 소매업,41,경기도,41630,양주시,4163032000,남면,4163032027,남면,4.16303E+18,1,대지,161,13,경기도 양주시 남면 상수리 161-13,4.16304E+11,경기도 양주시 남면 화합로610번길,55,,4.16303E+24,,경기도 양주시 남면 화합로610번길 55,482871,11426,,1,,127.000912,37.87070677
21091194,모정가스충전소,,F,생활서비스,F16,주유소/충전소,F16A02,차량가스충전소,G47712,차량용 가스 충전업,41,경기도,41630,양주시,4163056000,회천4동,4163011200,회암동,4.16301E+18,1,대지,607,9,경기도 양주시 회암동 607-9,4.16303E+11,경기도 양주시 화합로,1547,,4.16301E+24,,경기도 양주시 화합로 1547,482160,11463,,1,,127.0779678,37.83833163
20943904,두산종가남부대리점,남부대리점,D,소매,D01,음/식료품소매,D01A02,김치판매,G47219,기타 식료품 소매업,41,경기도,41210,광명시,4121066000,학온동,4121010500,노온사동,4.12101E+18,1,대지,759,1,경기도 광명시 노온사동 759-1,4.12104E+11,경기도 광명시 장절로3번길,15,,4.12101E+24,,경기도 광명시 장절로3번길 15,423080,14334,,1,,126.8474554,37.42668781
20877154,초록나무미술,,R,학문/교육,R05,학원-음악미술무용,R05A01,서예/서화/미술,P85620,예술 학원,41,경기도,41610,광주시,4161025900,곤지암읍,4161025936,곤지암읍,4.16103E+18,1,대지,133,17,경기도 광주시 곤지암읍 삼리 133-17,4.16104E+11,경기도 광주시 곤지암읍 평촌길,30,21,4.16103E+24,하늘빌딩,경기도 광주시 곤지암읍 평촌길 30-21,464937,12800,,2,,127.3250157,37.35703081
20878119,해오름,,Q,음식,Q01,한식,Q01A01,한식/백반/한정식,I56111,한식 음식점업,42,강원도,42110,춘천시,4211057000,근화동,4211011700,근화동,4.21101E+18,1,대지,709,2,강원도 춘천시 근화동 709-2,4.21103E+11,강원도 춘천시 공지로,442,33,4.21101E+24,,강원도 춘천시 공지로 442-33,200931,24359,,1,,127.7174917,37.87482305
21074190,컴닥터안양센타,,D,소매,D08,사무/문구/컴퓨터,D08A04,컴퓨터/주변기기,G47311,"컴퓨터 및 주변장치, 소프트웨어 소매업",41,경기도,41171,안양시 만안구,4117152000,안양2동,4117110100,안양동,4.11711E+18,1,대지,849,2,경기도 안양시 만안구 안양동 849-2,4.11714E+11,경기도 안양시 만안구 안양로406번길,8,,4.11711E+24,,경기도 안양시 만안구 안양로406번길 8,430010,13990,,1,,126.9151782,37.40709095
20990486,성은공인중개사,,L,부동산,L01,부동산중개,L01A01,부동산중개,L68221,부동산 자문 및 중개업,41,경기도,41135,성남시 분당구,4113563000,야탑2동,4113510700,야탑동,4.11351E+18,1,대지,151,,경기도 성남시 분당구 야탑동 151,4.11353E+11,경기도 성남시 분당구 판교로,700,,4.11351E+24,분당테크노파크,경기도 성남시 분당구 판교로 700,463070,13516,,1,,127.151684,37.4042037
20825297,경돈,,F,생활서비스,F01,이/미용/건강,F01A03,비만/피부관리,,,41,경기도,41610,광주시,4161025900,곤지암읍,4161025921,곤지암읍,4.16103E+18,1,대지,343,12,경기도 광주시 곤지암읍 곤지암리 343-12,4.16103E+11,경기도 광주시 곤지암읍 곤지암로,15,,4.16103E+24,,경기도 광주시 곤지암읍 곤지암로 15,464872,12804,,1,,127.3446951,37.34879732
20825952,디딤돌아인스학원,,R,학문/교육,R01,학원-보습교습입시,R01A01,학원-입시,P85501,일반 교과 학원,41,경기도,41117,수원시 영통구,4111759000,태장동,4111710700,망포동,4.11171E+18,1,대지,488,,경기도 수원시 영통구 망포동 488,4.11174E+11,경기도 수원시 영통구 영통로90번길,4,27,4.11171E+24,늘푸른벽산아파트,경기도 수원시 영통구 영통로90번길 4-27,443707,16692,,4,,127.0604452,37.23893993
20826823,아이폰수리센타,,F,생활서비스,F03,개인/가정용품수리,F03A06,정보통신기기수리,S95122,통신장비 수리업,41,경기도,41171,안양시 만안구,4117154000,안양4동,4117110100,안양동,4.11711E+18,1,대지,782,68,경기도 안양시 만안구 안양동 782-68,4.11713E+11,경기도 안양시 만안구 병목안로,2,,4.11711E+24,PROJECT240TOWER,경기도 안양시 만안구 병목안로 2,430010,14001,,11,,126.9198782,37.3999345
21091383,하이스트빌입주자대표회의,,R,학문/교육,R01,학원-보습교습입시,R01A01,학원-입시,P85501,일반 교과 학원,41,경기도,41310,구리시,4131057000,수택1동,4131010500,수택동,4.13101E+18,1,대지,506,9,경기도 구리시 수택동 506-9,4.13103E+11,경기도 구리시 검배로,55,,4.13101E+24,하이스트빌,경기도 구리시 검배로 55,471030,11931,,1,,127.1451836,37.59716447
21109388,럭키수퍼,,D,소매,D03,종합소매점,D03A02,수퍼마켓,G47121,슈퍼마켓,41,경기도,41273,안산시 단원구,4127353000,고잔2동,4127310100,고잔동,4.12731E+18,1,대지,671,,경기도 안산시 단원구 고잔동 671,4.12733E+11,경기도 안산시 단원구 당곡2로,29,,4.12731E+24,주공8단지아파트,경기도 안산시 단원구 당곡2로 29,425725,15338,,,,126.8378672,37.32544109
20945010,파란집슈퍼,,D,소매,D03,종합소매점,D03A02,수퍼마켓,G47121,슈퍼마켓,41,경기도,41390,시흥시,4139062100,과림동,4139013400,무지내동,4.13901E+18,1,대지,17,2,경기도 시흥시 무지내동 17-2,4.13904E+11,경기도 시흥시 금오로238번길,10,,4.13901E+24,대영정밀,경기도 시흥시 금오로238번길 10,429110,14932,,1,,126.8375588,37.4244464
20945382,사람과컴퓨터,,F,생활서비스,F03,개인/가정용품수리,F03A07,컴퓨터수리,S95121,컴퓨터 및 사무용 기기 수리업,41,경기도,41210,광명시,4121063100,하안1동,4121010300,하안동,4.12101E+18,1,대지,598,13,경기도 광명시 하안동 598-13,4.12104E+11,경기도 광명시 안재로14번길,25,,4.12101E+24,,경기도 광명시 안재로14번길 25,423060,14259,,1,,126.8738557,37.46088489
20963711,박경현무용학원,,R,학문/교육,R05,학원-음악미술무용,R05A05,학원-무용,P85620,예술 학원,41,경기도,41115,수원시 팔달구,4111574000,행궁동,4111513000,신풍동,4.11151E+18,1,대지,45,8,경기도 수원시 팔달구 신풍동 45-8,4.11154E+11,경기도 수원시 팔달구 화서문로46번길,9,,4.11151E+24,,경기도 수원시 팔달구 화서문로46번길 9,442040,16251,,1,,127.0131856,37.2849346
20963724,이종국공인중개사무소,,L,부동산,L01,부동산중개,L01A01,부동산중개,L68221,부동산 자문 및 중개업,41,경기도,41115,수원시 팔달구,4111573000,인계동,4111514100,인계동,4.11151E+18,1,대지,1044,10,경기도 수원시 팔달구 인계동 1044-10,4.11154E+11,경기도 수원시 팔달구 권광로175번길,31,5,4.11151E+24,정우빌딩,경기도 수원시 팔달구 권광로175번길 31-5,442834,16490,,4,,127.0305917,37.26341626
20964249,영진가구,,D,소매,D15,가구소매,D15A01,일반가구소매,G47520,가구 소매업,41,경기도,41111,수원시 장안구,4111156000,파장동,4111112900,파장동,4.11111E+18,1,대지,572,33,경기도 수원시 장안구 파장동 572-33,4.11114E+11,경기도 수원시 장안구 파장로82번길,17,,4.11111E+24,영진가구전시장,경기도 수원시 장안구 파장로82번길 17,440853,16349,,1,,126.9923625,37.30731327
20995440,감초약국,,S,의료,S02,약국/한약방,S02A01,약국,G47811,의약품 및 의료용품 소매업,41,경기도,41133,성남시 중원구,4113351000,성남동,4113310100,성남동,4.11331E+18,1,대지,2005,,경기도 성남시 중원구 성남동 2005,4.11333E+11,경기도 성남시 중원구 시민로,117,2,4.11331E+24,,경기도 성남시 중원구 시민로 117-2,462824,13358,,,,127.144897,37.43885518
20845749,현대수선,,F,생활서비스,F03,개인/가정용품수리,F03A08,옷수선,S95391,"신발, 의복 및 기타 가정용 직물제품 수리업",41,경기도,41480,파주시,4148051000,금촌1동,4148010100,금촌동,4.14801E+18,1,대지,51,49,경기도 파주시 금촌동 51-49,4.14803E+11,경기도 파주시 아동로,20,,4.14801E+24,장안아파트3차,경기도 파주시 아동로 20,413710,10930,,1,,126.7764037,37.76392868
20869750,다빈치,,R,학문/교육,R09,학원기타,R09A01,학원(종합),P85501,일반 교과 학원,41,경기도,41480,파주시,4148055000,운정1동,4148012200,와동동,4.14801E+18,1,대지,1365,,경기도 파주시 와동동 1365,4.14803E+11,경기도 파주시 와석순환로,421,,4.14801E+24,지산프라자,경기도 파주시 와석순환로 421,413190,10894,,2,,126.7522738,37.72344613
21127577,원풍로자,,D,소매,D21,철물/난방/건설자재소매,D21A05,진열장판매,G47519,"페인트, 유리 및 기타 건설자재 소매업",41,경기도,41360,남양주시,4136025600,화도읍,4136025629,화도읍,4.13603E+18,2,산,28,,경기도 남양주시 화도읍 녹촌리 산28,4.13604E+11,경기도 남양주시 화도읍 가구단지1길,50,,4.13603E+24,,경기도 남양주시 화도읍 가구단지1길 50,472843,12178,,1,,127.2890537,37.65375871
21127578,삼성어린이집,,R,학문/교육,R08,유아교육,R08A02,어린이집,Q87210,보육시설 운영업,41,경기도,41630,양주시,4163052000,양주2동,4163010900,고읍동,4.16301E+18,1,대지,140,1,경기도 양주시 고읍동 140-1,4.16304E+11,경기도 양주시 고덕로329번길,23,14,4.16301E+24,,경기도 양주시 고덕로329번길 23-14,482020,11480,,1,,127.076026,37.80363653
21092024,대림기업,,F,생활서비스,F12,광고/인쇄,F12A02,간판제작종합,C33910,간판 및 광고물 제조업,41,경기도,41310,구리시,4131052000,동구동,4131010200,사노동,4.13101E+18,1,대지,452,12,경기도 구리시 사노동 452-12,4.13103E+11,경기도 구리시 동구릉로,520,7,4.13101E+24,,경기도 구리시 동구릉로 520-7,471050,11906,,1,,127.1415342,37.64372197
20997274,부라더미싱,,D,소매,D25,기타판매업,D25A14,미싱판매,G47599,그외 기타 분류안된 가정용품 소매업,41,경기도,41131,성남시 수정구,4113158000,수진2동,4113110300,수진동,4.11311E+18,1,대지,3011,,경기도 성남시 수정구 수진동 3011,4.11312E+11,경기도 성남시 수정구 성남대로,1222,,4.11311E+24,예농빌딩,경기도 성남시 수정구 성남대로 1222,461180,13320,,2,,127.1283086,37.43879709
20964873,새로나문구점,,D,소매,D08,사무/문구/컴퓨터,D08A01,사무/문구용품,G47612,문구용품 소매업,41,경기도,41111,수원시 장안구,4111158000,영화동,4111113400,영화동,4.11111E+18,1,대지,423,8,경기도 수원시 장안구 영화동 423-8,4.11114E+11,경기도 수원시 장안구 장안로29번길,20,,4.11111E+24,,경기도 수원시 장안구 장안로29번길 20,440822,16274,,1,,127.0044735,37.28710535
20829048,코리아부동산,,F,생활서비스,F01,이/미용/건강,F01A01,여성미용실,S96112,두발미용업,41,경기도,41287,고양시 일산서구,4128757000,대화동,4128710400,대화동,4.12876E+18,1,대지,2290,4,경기도 고양시 일산서구 대화동 2290-4,4.12874E+11,경기도 고양시 일산서구 일산로803번길,74,,4.12871E+24,,경기도 고양시 일산서구 일산로803번길 74,411806,10383,,1,,126.7508946,37.67045249
21133947,남경산업,,D,소매,D07,가정/주방/인테리어,D07A10,조명기구/전기용품,G47591,전기용품 및 조명장치 소매업,41,경기도,41220,평택시,4122031000,진위면,4122031024,진위면,4.12203E+18,1,대지,67,,경기도 평택시 진위면 동천리 67,4.12204E+11,경기도 평택시 진위면 동천길,132,52,4.12203E+24,,경기도 평택시 진위면 동천길 132-52,451864,17710,,,,127.1145644,37.13199896
20846847,미래로옷수선,,F,생활서비스,F03,개인/가정용품수리,F03A08,옷수선,S95391,"신발, 의복 및 기타 가정용 직물제품 수리업",41,경기도,41480,파주시,4148032000,탄현면,4148032022,탄현면,4.14803E+18,1,대지,1787,,경기도 파주시 탄현면 법흥리 1787,4.14803E+11,경기도 파주시 탄현면 사슴벌레로,45,,4.14803E+24,유승앙브와즈아파트,경기도 파주시 탄현면 사슴벌레로 45,413758,10861,,1,,126.7012607,37.77489138
21076226,고려자동차고업사,,F,생활서비스,F14,자동차/이륜차,F14A01,자동차정비/카센타,,,41,경기도,41630,양주시,4163032000,남면,4163032021,남면,4.16303E+18,1,대지,287,11,경기도 양주시 남면 신산리 287-11,4.16304E+11,경기도 양주시 남면 개나리12길,27,2,4.16303E+24,,경기도 양주시 남면 개나리12길 27-2,482873,11404,,1,,126.9763585,37.89556151
21093935,사계절노래방,,N,관광/여가/오락,N02,무도/유흥/가무,N02A01,노래방,R91223,노래연습장 운영업,41,경기도,41670,여주시,4167051000,여흥동,4167010200,홍문동,4.16701E+18,1,대지,271,,경기도 여주시 홍문동 271,4.16704E+11,경기도 여주시 세종로67번길,12,,4.17303E+24,,경기도 여주시 세종로67번길 12,469102,12631,,1,,127.6366996,37.291347
20966296,미래석유직영역전주유소,,F,생활서비스,F16,주유소/충전소,F16A01,주유소,G47711,차량용 주유소 운영업,41,경기도,41113,수원시 권선구,4111352000,세류1동,4111312600,세류동,4.11131E+18,1,대지,202,11,경기도 수원시 권선구 세류동 202-11,4.11133E+11,경기도 수원시 권선구 덕영대로,1000,,4.11131E+24,,경기도 수원시 권선구 덕영대로 1000,441110,16651,,1,,127.004291,37.25986396
20990634,수미행치과,야탑점,S,의료,S01,병원,S01B04,치과의원,Q86202,치과 의원,41,경기도,41135,성남시 분당구,4113562000,야탑1동,4113510700,야탑동,4.11351E+18,1,대지,358,3,경기도 성남시 분당구 야탑동 358-3,4.11354E+11,경기도 성남시 분당구 야탑로81번길,10,,4.11351E+24,분당아미고타워,경기도 성남시 분당구 야탑로81번길 10,463828,13497,,2,,127.1281949,37.41059267
20857142,긋모닝마트,,D,소매,D03,종합소매점,D03A02,수퍼마켓,G47121,슈퍼마켓,41,경기도,41480,파주시,4148057000,운정3동,4148011300,동패동,4.14801E+18,1,대지,211,37,경기도 파주시 동패동 211-37,4.14803E+11,경기도 파주시 동패로,115,,4.14803E+24,벽산할인마트,경기도 파주시 동패로 115,413835,10902,,1,,126.7401612,37.71261342
21110800,BYC안정리대리점,안정리대리점,D,소매,D05,의복의류,D05A07,셔츠/내의/속옷,,,41,경기도,41220,평택시,4122025000,팽성읍,4122025041,팽성읍,4.12203E+18,1,대지,148,20,경기도 평택시 팽성읍 안정리 148-20,4.12203E+11,경기도 평택시 팽성읍 안정쇼핑로,38,,4.12203E+24,,경기도 평택시 팽성읍 안정쇼핑로 38,451807,17983,,1,,127.0463429,36.9609501
21111397,쌍방울대리점,,D,소매,D05,의복의류,D05A07,셔츠/내의/속옷,,,41,경기도,41670,여주시,4167052000,중앙동,4167010700,하동,4.16701E+18,1,대지,317,3,경기도 여주시 하동 317-3,4.16704E+11,경기도 여주시 여흥로11번길,56,,4.17303E+24,,경기도 여주시 여흥로11번길 56,469107,12623,,1,,127.6320994,37.29800104
20949713,제일수퍼마켓,,D,소매,D03,종합소매점,D03A02,수퍼마켓,G47121,슈퍼마켓,41,경기도,41115,수원시 팔달구,4111571000,우만1동,4111514000,우만동,4.11151E+18,1,대지,523,,경기도 수원시 팔달구 우만동 523,4.11154E+11,경기도 수원시 팔달구 경수대로642번길,62,1,4.11151E+24,,경기도 수원시 팔달구 경수대로642번길 62-1,442190,16239,,1,,127.0322613,37.28447936
20834761,비룡태권도,,R,학문/교육,R07,학원-예능취미체육,R07A20,태권도장,P85611,스포츠 교육기관,41,경기도,41150,의정부시,4115056700,신곡1동,4115010400,신곡동,4.11501E+18,1,대지,727,1,경기도 의정부시 신곡동 727-1,4.11503E+11,경기도 의정부시 회룡로,245,,4.11501E+24,"풍림,한국아파트",경기도 의정부시 회룡로 245,480736,11739,,5,,127.0599421,37.72864376
20873134,미강문구펜시,,D,소매,D08,사무/문구/컴퓨터,D08A01,사무/문구용품,G47612,문구용품 소매업,41,경기도,41271,안산시 상록구,4127158000,월피동,4127110900,월피동,4.12711E+18,1,대지,493,8,경기도 안산시 상록구 월피동 493-8,4.12714E+11,경기도 안산시 상록구 광덕산안길,29,1,4.12711E+24,,경기도 안산시 상록구 광덕산안길 29-1,426855,15257,,1,,126.8449466,37.33617903
20873279,엔젤음악학원,,R,학문/교육,R05,학원-음악미술무용,R05A02,피아노/바이올린/기타,P85620,예술 학원,41,경기도,41630,양주시,4163052000,양주2동,4163010800,삼숭동,4.16301E+18,1,대지,202,37,경기도 양주시 삼숭동 202-37,4.16304E+11,경기도 양주시 삼숭로38번길,106,,4.16301E+24,양주프라자4,경기도 양주시 삼숭로38번길 106,482110,11487,,4,,127.1068712,37.79584637
21094095,풍림서해공인중개사사무소,,L,부동산,L01,부동산중개,L01A01,부동산중개,L68221,부동산 자문 및 중개업,41,경기도,41273,안산시 단원구,4127357000,초지동,4127310700,초지동,4.12731E+18,1,대지,731,,경기도 안산시 단원구 초지동 731,4.12733E+11,경기도 안산시 단원구 광덕1로,80,,4.12731E+24,호수마을아파트,경기도 안산시 단원구 광덕1로 80,425881,15447,,,,126.8195947,37.30628376
20952195,비발디공인중개사무소,,L,부동산,L01,부동산중개,L01A01,부동산중개,L68221,부동산 자문 및 중개업,41,경기도,41111,수원시 장안구,4111157300,정자3동,4111113000,정자동,4.11111E+18,1,대지,919,,경기도 수원시 장안구 정자동 919,4.11114E+11,경기도 수원시 장안구 만석로20번길,28,,4.11111E+24,청솔마을한라아파트,경기도 수원시 장안구 만석로20번길 28,440734,16330,,1,,126.984399,37.29384612
20858048,부흥광고기획,,F,생활서비스,F12,광고/인쇄,F12A05,광고물제작-종합,C33910,간판 및 광고물 제조업,42,강원도,42130,원주시,4213055000,단구동,4213010700,단구동,4.21301E+18,1,대지,1599,4,강원도 원주시 단구동 1599-4,4.21302E+11,강원도 원주시 서원대로,500,,4.21301E+24,원주프리미엄아울렛,강원도 원주시 서원대로 500,220965,26487,,1,,127.9570621,37.32559854
20875082,애슐리,판교점,Q,음식,Q06,양식,Q06A05,패밀리레스토랑,I56114,서양식 음식점업,41,경기도,41135,성남시 분당구,4113565500,삼평동,4113510900,삼평동,4.11351E+18,1,대지,741,,경기도 성남시 분당구 삼평동 741,4.11354E+11,경기도 성남시 분당구 대왕판교로606번길,58,,4.11351E+24,판교푸르지오월드마크,경기도 성남시 분당구 대왕판교로606번길 58,463400,13525,,2,,127.1135419,37.39540872
21112571,여흥사진관,,F,생활서비스,F06,사진,F06A01,사진관,M73301,인물사진 및 행사용비디오 촬영업,41,경기도,41670,여주시,4167052000,중앙동,4167010700,하동,4.16701E+18,1,대지,257,7,경기도 여주시 하동 257-7,4.16703E+11,경기도 여주시 우암로,17,,4.17303E+24,,경기도 여주시 우암로 17,469107,12622,,1,,127.6331974,37.29720246
21112667,동원샘물의정부대리점,의정부대리점,D,소매,D01,음/식료품소매,D01A19,생수판매,G47221,음료 소매업,41,경기도,41630,양주시,4163051000,양주1동,4163010400,마전동,4.16301E+18,1,대지,456,1,경기도 양주시 마전동 456-1,4.16303E+11,경기도 양주시 동일로,880,21,4.16301E+24,,경기도 양주시 동일로 880-21,482070,11496,,1,,127.0470637,37.76424776
21131068,스마트공인중개사사무소,,L,부동산,L01,부동산중개,L01A01,부동산중개,L68221,부동산 자문 및 중개업,41,경기도,41590,화성시,4159025300,봉담읍,4159025323,봉담읍,4.15903E+18,1,대지,647,6,경기도 화성시 봉담읍 수영리 647-6,4.15903E+11,경기도 화성시 봉담읍 삼천병마로,1311,,4.15903E+24,,경기도 화성시 봉담읍 삼천병마로 1311,445896,18312,,,,126.9510721,37.22220752
21131130,진흥공인중계사무소,,L,부동산,L01,부동산중개,L01A01,부동산중개,L68221,부동산 자문 및 중개업,41,경기도,41310,구리시,4131051000,갈매동,4131010100,갈매동,4.13101E+18,1,대지,489,3,경기도 구리시 갈매동 489-3,4.13104E+11,경기도 구리시 갈매길,121,,4.13101E+24,,경기도 구리시 갈매길 121,471859,11903,,1,,127.1120871,37.63012358
21131894,태영페인트,,D,소매,D22,페인트/유리제품소매,D22A01,페인트/유리제품소매,G47519,"페인트, 유리 및 기타 건설자재 소매업",41,경기도,41670,여주시,4167051000,여흥동,4167010100,상동,4.16701E+18,1,대지,293,1,경기도 여주시 상동 293-1,4.16703E+11,경기도 여주시 여흥로,153,,4.17303E+24,,경기도 여주시 여흥로 153,469101,12621,,2,,127.6406384,37.29556723
21095425,아이엠산업개발,,L,부동산,L01,부동산중개,L01A01,부동산중개,L68221,부동산 자문 및 중개업,41,경기도,41430,의왕시,4143056000,청계동,4143010900,포일동,4.14301E+18,1,대지,661,2,경기도 의왕시 포일동 661-2,4.14303E+11,경기도 의왕시 안양판교로,103,,4.14301E+24,포레스타타워,경기도 의왕시 안양판교로 103,437120,16001,,1,,126.9855051,37.39528962
20875248,싱싱할인마트,,D,소매,D03,종합소매점,D03A02,수퍼마켓,G47121,슈퍼마켓,41,경기도,41610,광주시,4161025300,초월읍,4161025332,초월읍,4.16103E+18,1,대지,230,3,경기도 광주시 초월읍 도평리 230-3,4.16103E+11,경기도 광주시 초월읍 현산로,76,,4.16103E+24,,경기도 광주시 초월읍 현산로 76,464964,12734,,1,,127.2912413,37.39421948
21112778,남양주직업소개소,,F,생활서비스,F05,인력/고용/용역알선,F05A02,인력공급/고용알선,,,41,경기도,41360,남양주시,4136055000,지금동,4136010900,지금동,4.13601E+18,1,대지,129,56,경기도 남양주시 지금동 129-56,4.13603E+11,경기도 남양주시 경춘로,450,,4.13601E+24,용진빌딩,경기도 남양주시 경춘로 450,472933,12258,,2,,127.1633306,37.60881891
21112944,이십세기양복점,,D,소매,D05,의복의류,D05A08,맞춤양복/양복점,G47413,남녀용 정장 소매업,41,경기도,41310,구리시,4131058000,수택2동,4131010500,수택동,4.13101E+18,1,대지,587,,경기도 구리시 수택동 587,4.13103E+11,경기도 구리시 검배로,86,,4.13101E+24,현대카인테리어,경기도 구리시 검배로 86,471030,11942,,1,,127.1475292,37.59505496
21135491,천지상사,,D,소매,D23,자동차/자동차용품,D23A06,자동차부품판매,G45219,기타 자동차신품 부품 및 내장품 판매업,41,경기도,41590,화성시,4159037000,장안면,4159037029,장안면,4.15904E+18,1,대지,159,7,경기도 화성시 장안면 사곡리 159-7,4.15904E+11,경기도 화성시 장안면 멱구지길,6,,4.15904E+24,,경기도 화성시 장안면 멱구지길 6,445942,18585,,2,,126.814883,37.07401832
21136659,마도공인중개사,,L,부동산,L01,부동산중개,L01A01,부동산중개,L68221,부동산 자문 및 중개업,41,경기도,41590,화성시,4159033000,마도면,4159033022,마도면,4.15903E+18,1,대지,412,5,경기도 화성시 마도면 두곡리 412-5,4.15903E+11,경기도 화성시 마도면 화성로,857,,4.15903E+24,,경기도 화성시 마도면 화성로 857,445862,18540,,1,,126.7827565,37.20590966
20932024,개별용달,,F,생활서비스,F04,운송/배달/택배,F04A06,종합이삿짐대행,H49311,일반 화물자동차 운송업,41,경기도,41133,성남시 중원구,4113359000,상대원3동,4113310500,상대원동,4.11331E+18,1,대지,1814,,경기도 성남시 중원구 상대원동 1814,4.11334E+11,경기도 성남시 중원구 둔촌대로389번길,15,,4.11331E+24,,경기도 성남시 중원구 둔촌대로389번길 15,462120,13242,,1,,127.1602196,37.43488318
20953492,경기열쇠,,D,소매,D21,철물/난방/건설자재소매,D21A07,열쇠판매/수리,G47511,철물 및 난방용구 소매업,41,경기도,41115,수원시 팔달구,4111565000,매교동,4111513300,매교동,4.11151E+18,1,대지,217,1,경기도 수원시 팔달구 매교동 217-1,4.11153E+11,경기도 수원시 팔달구 정조로,696,1,4.11151E+24,,경기도 수원시 팔달구 정조로 696-1,442845,16468,,1,,127.0179066,37.27050241
20970595,금광종합동물병원,,S,의료,S04,수의업,S04A02,동물병원,M73100,수의업,41,경기도,41131,성남시 수정구,4113159000,단대동,4113110400,단대동,4.11311E+18,1,대지,97,3,경기도 성남시 수정구 단대동 97-3,4.11312E+11,경기도 성남시 수정구 산성대로,431,,4.11311E+24,,경기도 성남시 수정구 산성대로 431,461801,13144,,1,,127.1589716,37.45047187
20860363,동서청과,,D,소매,D01,음/식료품소매,D01A13,청과물소매,G47214,과실 및 채소 소매업,41,경기도,41220,평택시,4122051000,중앙동,4122010100,서정동,4.12201E+18,1,대지,328,9,경기도 평택시 서정동 328-9,4.12203E+11,경기도 평택시 서정역로,38,,4.12201E+24,,경기도 평택시 서정역로 38,459812,17779,,1,,127.0560075,37.0575744
21097767,광백인력,,F,생활서비스,F05,인력/고용/용역알선,F05A02,인력공급/고용알선,,,41,경기도,41630,양주시,4163025000,백석읍,4163025021,백석읍,4.16303E+18,1,대지,4,,경기도 양주시 백석읍 방성리 4,4.16304E+11,경기도 양주시 백석읍 부흥로983번길,27,5,4.16303E+24,,경기도 양주시 백석읍 부흥로983번길 27-5,482833,11506,,1,,126.9985226,37.80871555
20970896,성균관대학교자연과학캠퍼스우체국,,F,생활서비스,F04,운송/배달/택배,F04B08,우체국/우편물취급소,J61100,우편업,41,경기도,41111,수원시 장안구,4111156600,율천동,4111113300,천천동,4.11111E+18,1,대지,300,,경기도 수원시 장안구 천천동 300,4.11113E+11,경기도 수원시 장안구 서부로,2066,,4.11111E+24,성균관대학교,경기도 수원시 장안구 서부로 2066,440746,16419,,1,,126.9743697,37.29486796
20992885,오혜숙산부인과,,S,의료,S01,병원,S01B10,산부인과,Q86201,일반 의원,41,경기도,41150,의정부시,4115051000,의정부1동,4115010100,의정부동,4.11501E+18,1,대지,172,22,경기도 의정부시 의정부동 172-22,4.11503E+11,경기도 의정부시 시민로,141,,4.11501E+24,,경기도 의정부시 시민로 141,480010,11695,,1,,127.050726,37.73788647
20993150,우리영상진단방사선과,,S,의료,S01,병원,S01B99,기타병원,,,41,경기도,41135,성남시 분당구,4113555000,정자1동,4113510300,정자동,4.11351E+18,1,대지,159,4,경기도 성남시 분당구 정자동 159-4,4.11353E+11,경기도 성남시 분당구 정자일로,162,,4.11351E+24,젤존타워2,경기도 성남시 분당구 정자일로 162,463867,13558,,4,,127.1062953,37.3646184
20993212,컴퓨터수리점,,F,생활서비스,F03,개인/가정용품수리,F03A07,컴퓨터수리,S95121,컴퓨터 및 사무용 기기 수리업,41,경기도,41133,성남시 중원구,4113354000,금광2동,4113310300,금광동,4.11331E+18,1,대지,4616,,경기도 성남시 중원구 금광동 4616,4.11332E+11,경기도 성남시 중원구 산성대로,432,,4.11331E+24,,경기도 성남시 중원구 산성대로 432,462240,13170,,1,,127.1596412,37.45022433
20933194,교문필방,,D,소매,D08,사무/문구/컴퓨터,D08A06,화방/필방,G47612,문구용품 소매업,41,경기도,41115,수원시 팔달구,4111565000,매교동,4111513200,교동,4.11151E+18,1,대지,96,1,경기도 수원시 팔달구 교동 96-1,4.11153E+11,경기도 수원시 팔달구 향교로,136,,4.11151E+24,현암빌딩,경기도 수원시 팔달구 향교로 136,442130,16463,,1,,127.0148869,37.27293729
20933552,우만보수센타,,F,생활서비스,F15,주택수리,F15A01,주택수리종합,S95399,그외 기타 개인 및 가정용품 수리업,41,경기도,41115,수원시 팔달구,4111571000,우만1동,4111514000,우만동,4.11151E+18,1,대지,466,2,경기도 수원시 팔달구 우만동 466-2,4.11153E+11,경기도 수원시 팔달구 월드컵로,375,,4.11151E+24,,경기도 수원시 팔달구 월드컵로 375,442190,16232,,1,,127.0299167,37.2905425
20839535,케이티피워텔,,D,소매,D23,자동차/자동차용품,D23A01,자동차판매,G45110,자동차 신품 판매업,41,경기도,41590,화성시,4159025300,봉담읍,4159025324,봉담읍,4.15903E+18,1,대지,425,21,경기도 화성시 봉담읍 동화리 425-21,4.15903E+11,경기도 화성시 봉담읍 삼천병마로,1298,,4.15903E+24,,경기도 화성시 봉담읍 삼천병마로 1298,445893,18316,,1,,126.9508966,37.22105257
20816429,통일동물병원,,S,의료,S04,수의업,S04A02,동물병원,M73100,수의업,41,경기도,41250,동두천시,4125052000,생연2동,4125010300,생연동,4.12501E+18,1,대지,688,24,경기도 동두천시 생연동 688-24,4.12503E+11,경기도 동두천시 어수로,98,17,4.12501E+24,,경기도 동두천시 어수로 98-17,483030,11333,,1,,127.0533583,37.90151281
21119870,스마일텔레콤,,D,소매,D18,사진/광학/정밀기기소매,D18A02,핸드폰소매,G47312,통신기기 소매업,41,경기도,41670,여주시,4167051000,여흥동,4167010200,홍문동,4.16701E+18,1,대지,67,7,경기도 여주시 홍문동 67-7,4.16703E+11,경기도 여주시 세종로,38,,4.17303E+24,,경기도 여주시 세종로 38,469102,12627,,1,,127.635917,37.29459762
21079235,엔젤베이베포토,,F,생활서비스,F06,사진,F06A01,사진관,M73301,인물사진 및 행사용비디오 촬영업,41,경기도,41630,양주시,4163055000,회천3동,4163011000,덕정동,4.16301E+18,1,대지,208,,경기도 양주시 덕정동 208,4.16303E+11,경기도 양주시 회정로,114,,4.16301E+24,금강프라자,경기도 양주시 회정로 114,482060,11456,,1,,127.0659159,37.83725456
21079369,마석원부동산,,L,부동산,L01,부동산중개,L01A01,부동산중개,L68221,부동산 자문 및 중개업,41,경기도,41360,남양주시,4136025600,화도읍,4136025628,화도읍,4.13603E+18,1,대지,495,1,경기도 남양주시 화도읍 창현리 495-1,4.13603E+11,경기도 남양주시 화도읍 마석중앙로,38,1,4.13603E+24,,경기도 남양주시 화도읍 마석중앙로 38-1,472848,12179,,1,,127.3038095,37.65253118
